AccountId,Account_TxnCount,Account_AvgAmount,Account_StdAmount,Account_MinAmount,Account_MaxAmount,Account_AmountRange
AccountId_1,3,23333.333333333332,5773.502691896258,20000.0,30000.0,10000.0
AccountId_10,965,-3451.136787564767,3567.343269730476,-14999.0,-300.0,14699.0
AccountId_100,2,90000.0,14142.13562373095,80000.0,100000.0,20000.0
AccountId_1000,10,9700.0,16686.987611775698,1000.0,50000.0,49000.0
AccountId_1002,1,2000000.0,0.0,2000000.0,2000000.0,0.0
AccountId_1004,5,2000.0,0.0,2000.0,2000.0,0.0
AccountId_1005,1,5000.0,0.0,5000.0,5000.0,0.0
AccountId_1006,1,100.0,0.0,100.0,100.0,0.0
AccountId_1007,3,1000.0,866.0254037844386,500.0,2000.0,1500.0
AccountId_1008,6,8500.0,2345.207879911715,5000.0,10000.0,5000.0
AccountId_1009,1,10000.0,0.0,10000.0,10000.0,0.0
AccountId_101,2,2750.0,353.5533905932738,2500.0,3000.0,500.0
AccountId_1010,5,2200.0,2683.281572999748,1000.0,7000.0,6000.0
AccountId_1011,11,10181.818181818182,337.0999312316209,10000.0,11000.0,1000.0
AccountId_1012,1,5000.0,0.0,5000.0,5000.0,0.0
AccountId_1014,2,10000.0,0.0,10000.0,10000.0,0.0
AccountId_1015,2,1000.0,0.0,1000.0,1000.0,0.0
AccountId_1016,4,6500.0,4358.898943540674,1000.0,10000.0,9000.0
AccountId_1017,3,10000.0,0.0,10000.0,10000.0,0.0
AccountId_1018,6,18833.333333333332,24161.263763856947,2000.0,50000.0,48000.0
AccountId_102,1,10000.0,0.0,10000.0,10000.0,0.0
AccountId_1020,1,500.0,0.0,500.0,500.0,0.0
AccountId_1021,1,10000.0,0.0,10000.0,10000.0,0.0
AccountId_1022,3,10000.0,8660.254037844386,5000.0,20000.0,15000.0
AccountId_1023,2,110000.0,127279.22061357855,20000.0,200000.0,180000.0
AccountId_1024,1,1000.0,0.0,1000.0,1000.0,0.0
AccountId_1025,7,10857.142857142857,1864.454471471609,10000.0,15000.0,5000.0
AccountId_1026,1,1000.0,0.0,1000.0,1000.0,0.0
AccountId_1027,12,9666.666666666666,1497.4726182552527,5000.0,11000.0,6000.0
AccountId_1028,1,5000.0,0.0,5000.0,5000.0,0.0
AccountId_1029,13,1084.6153846153845,788.2957924600742,200.0,3000.0,2800.0
AccountId_1031,3,2333.3333333333335,577.3502691896258,2000.0,3000.0,1000.0
AccountId_1032,1,50000.0,0.0,50000.0,50000.0,0.0
AccountId_1033,1,1000.0,0.0,1000.0,1000.0,0.0
AccountId_1034,22,1060.7727272727273,627.0686095839443,500.0,3000.0,2500.0
AccountId_1036,1,100000.0,0.0,100000.0,100000.0,0.0
AccountId_1037,1,500.0,0.0,500.0,500.0,0.0
AccountId_1039,3,3866.6666666666665,1616.580753730952,2000.0,4800.0,2800.0
AccountId_1040,1,5200.0,0.0,5200.0,5200.0,0.0
AccountId_1041,1,10000.0,0.0,10000.0,10000.0,0.0
AccountId_1042,3,8666.666666666666,2309.4010767585028,6000.0,10000.0,4000.0
AccountId_1043,4,8800.0,2400.0,5200.0,10000.0,4800.0
AccountId_1044,5,1600.0,1387.443692551161,500.0,4000.0,3500.0
AccountId_1045,25,8740.0,12887.720253533336,500.0,45000.0,44500.0
AccountId_1047,1,500.0,0.0,500.0,500.0,0.0
AccountId_1049,4,2750.0,1707.825127659933,1000.0,5000.0,4000.0
AccountId_105,1,1000.0,0.0,1000.0,1000.0,0.0
AccountId_1051,2,2000.0,0.0,2000.0,2000.0,0.0
AccountId_1053,1,500.0,0.0,500.0,500.0,0.0
AccountId_1054,12,8916.666666666666,2712.2058561364042,5000.0,13000.0,8000.0
AccountId_1055,1,1000.0,0.0,1000.0,1000.0,0.0
AccountId_1056,14,2314.285714285714,1864.591992019513,500.0,5000.0,4500.0
AccountId_1057,10,6600.0,2366.4319132398464,5000.0,10000.0,5000.0
AccountId_1058,6,1166.6666666666667,408.24829046386304,1000.0,2000.0,1000.0
AccountId_106,13,23384.615384615383,25659.755979414087,2000.0,60000.0,58000.0
AccountId_1060,90,5743.688888888889,7458.485213326046,500.0,40000.0,39500.0
AccountId_1061,2,8000.0,2828.42712474619,6000.0,10000.0,4000.0
AccountId_1062,24,1740.0,1513.5949145056584,500.0,5000.0,4500.0
AccountId_1063,2,3500.0,2121.3203435596424,2000.0,5000.0,3000.0
AccountId_1064,1,3500.0,0.0,3500.0,3500.0,0.0
AccountId_1065,5,8000.0,2738.6127875258308,5000.0,10000.0,5000.0
AccountId_1066,6,2183.3333333333335,1402.022348847074,1300.0,5000.0,3700.0
AccountId_1067,6,5166.666666666667,7440.878084384038,1000.0,20000.0,19000.0
AccountId_1068,2,7010.0,8499.423509862301,1000.0,13020.0,12020.0
AccountId_1069,9,944.4444444444445,942.2196016735046,200.0,3000.0,2800.0
AccountId_107,1,1000.0,0.0,1000.0,1000.0,0.0
AccountId_1070,3,8666.666666666666,2309.4010767585028,6000.0,10000.0,4000.0
AccountId_1071,18,3388.8888888888887,7013.758654068183,1000.0,30000.0,29000.0
AccountId_1072,1,10000.0,0.0,10000.0,10000.0,0.0
AccountId_1073,16,10712.5,2488.07154237976,10000.0,20000.0,10000.0
AccountId_1074,20,-10000.0,0.0,-10000.0,-10000.0,0.0
AccountId_1075,25,8100.0,10187.819524641505,1000.0,40000.0,39000.0
AccountId_1077,1,5000.0,0.0,5000.0,5000.0,0.0
AccountId_1078,1,2000.0,0.0,2000.0,2000.0,0.0
AccountId_1080,22,6186.363636363636,3838.8112562969104,500.0,10000.0,9500.0
AccountId_1081,2,7500.0,3535.5339059327375,5000.0,10000.0,5000.0
AccountId_1082,1,20000.0,0.0,20000.0,20000.0,0.0
AccountId_1083,25,6498.52,9051.192173410087,563.0,29000.0,28437.0
AccountId_1084,1,500.0,0.0,500.0,500.0,0.0
AccountId_1085,2,725.0,318.1980515339464,500.0,950.0,450.0
AccountId_1086,1,1000.0,0.0,1000.0,1000.0,0.0
AccountId_1087,6,8500.0,2345.207879911715,5000.0,10000.0,5000.0
AccountId_1088,2,1000.0,0.0,1000.0,1000.0,0.0
AccountId_1089,1,500.0,0.0,500.0,500.0,0.0
AccountId_109,5,1000.0,0.0,1000.0,1000.0,0.0
AccountId_1090,1,500.0,0.0,500.0,500.0,0.0
AccountId_1092,5,2200.0,1643.1676725154985,1000.0,5000.0,4000.0
AccountId_1093,3,1166.6666666666667,577.3502691896257,500.0,1500.0,1000.0
AccountId_1094,17,29211.764705882353,52345.604905676424,1000.0,150000.0,149000.0
AccountId_1095,6,10333.333333333334,19549.083524980568,500.0,50000.0,49500.0
AccountId_1096,11,1790.909090909091,2894.6345349472167,500.0,10000.0,9500.0
AccountId_1097,7,3571.4285714285716,3359.421718944242,1000.0,10000.0,9000.0
AccountId_1098,7,3071.4285714285716,2523.6972122359725,1000.0,7000.0,6000.0
AccountId_1099,9,9000.0,2291.28784747792,5000.0,11000.0,6000.0
AccountId_11,1,500.0,0.0,500.0,500.0,0.0
AccountId_110,1,1000.0,0.0,1000.0,1000.0,0.0
AccountId_1100,1,1000.0,0.0,1000.0,1000.0,0.0
AccountId_1103,1,500.0,0.0,500.0,500.0,0.0
AccountId_1104,1,10000.0,0.0,10000.0,10000.0,0.0
AccountId_1105,24,2812.5,2884.789571106568,500.0,10000.0,9500.0
AccountId_1108,2,8000.0,2828.42712474619,6000.0,10000.0,4000.0
AccountId_111,1,1000.0,0.0,1000.0,1000.0,0.0
AccountId_1110,5,8840.0,2291.942407653386,5000.0,10700.0,5700.0
AccountId_1111,11,36696.72727272727,26506.045971026724,5000.0,70000.0,65000.0
AccountId_1115,51,5493.803921568628,3595.596868502407,100.0,10050.0,9950.0
AccountId_1117,1,10000.0,0.0,10000.0,10000.0,0.0
AccountId_1118,5,3400.0,4277.849927241487,1000.0,11000.0,10000.0
AccountId_1119,6,2508.3333333333335,3670.2066245194787,1000.0,10000.0,9000.0
AccountId_1120,41,3186.0731707317073,2952.3076939086477,500.0,10070.0,9570.0
AccountId_1121,2,8000.0,2828.42712474619,6000.0,10000.0,4000.0
AccountId_1122,4,6500.0,4527.6925690687085,500.0,10000.0,9500.0
AccountId_1123,22,6863.636363636364,3742.2358295982635,500.0,10000.0,9500.0
AccountId_1124,11,2272.7272727272725,3109.370003422207,500.0,10000.0,9500.0
AccountId_1125,8,3750.0,3229.3298729878043,500.0,10000.0,9500.0
AccountId_1126,5,2211.0,1317.7082378129082,500.0,3555.0,3055.0
AccountId_1127,5,800.0,447.21359549995793,500.0,1500.0,1000.0
AccountId_1128,17,7411.764705882353,3369.1397924657963,1000.0,10000.0,9000.0
AccountId_1129,3,10333.333333333334,577.3502691896255,10000.0,11000.0,1000.0
AccountId_113,3,1500.0,866.0254037844386,500.0,2000.0,1500.0
AccountId_1130,8,812.5,530.3300858899107,500.0,2000.0,1500.0
AccountId_1131,3,8666.666666666666,2309.4010767585028,6000.0,10000.0,4000.0
AccountId_1132,6,15000.0,7745.966692414834,5000.0,20000.0,15000.0
AccountId_1133,3,10000.0,8660.254037844386,5000.0,20000.0,15000.0
AccountId_1135,2,1750.0,1767.7669529663688,500.0,3000.0,2500.0
AccountId_1137,18,5277.777777777777,11338.666565214986,500.0,50000.0,49500.0
AccountId_1138,3,3666.6666666666665,2309.401076758503,1000.0,5000.0,4000.0
AccountId_1139,1,50000.0,0.0,50000.0,50000.0,0.0
AccountId_114,11,9636.363636363636,1566.6989036012803,5000.0,11000.0,6000.0
AccountId_1141,2,2250.0,2474.8737341529163,500.0,4000.0,3500.0
AccountId_1142,6,6666.666666666667,2581.9888974716114,5000.0,10000.0,5000.0
AccountId_1144,3,8666.666666666666,2309.4010767585028,6000.0,10000.0,4000.0
AccountId_1145,1,5000.0,0.0,5000.0,5000.0,0.0
AccountId_1146,43,7208.139534883721,21313.711019168808,500.0,101500.0,101000.0
AccountId_1147,5,22200.0,43510.91817004095,2000.0,100000.0,98000.0
AccountId_1148,73,3153.4246575342468,4675.321800920376,500.0,20000.0,19500.0
AccountId_1149,1,5000.0,0.0,5000.0,5000.0,0.0
AccountId_115,3,7900.0,10479.980916013159,1700.0,20000.0,18300.0
AccountId_1150,1,1000.0,0.0,1000.0,1000.0,0.0
AccountId_1151,16,6312.5,4007.638539921816,500.0,10000.0,9500.0
AccountId_1152,11,7358.545454545455,3303.1676119638973,515.0,10000.0,9485.0
AccountId_1153,55,4009.090909090909,4784.863198140133,500.0,20000.0,19500.0
AccountId_1154,2,2500.0,2121.3203435596424,1000.0,4000.0,3000.0
AccountId_1155,23,5886.95652173913,4158.267159617211,1000.0,15000.0,14000.0
AccountId_1156,3,10000.0,0.0,10000.0,10000.0,0.0
AccountId_1157,6,900.0,346.41016151377545,500.0,1400.0,900.0
AccountId_1158,48,3137.5,2871.6238270803015,500.0,11000.0,10500.0
AccountId_1159,4,6750.0,4444.097208657794,1000.0,10500.0,9500.0
AccountId_1160,10,3000.0,3177.3503986113265,500.0,10000.0,9500.0
AccountId_1161,2,7500.0,3535.5339059327375,5000.0,10000.0,5000.0
AccountId_1163,14,8507.142857142857,2300.6568579477425,5000.0,10000.0,5000.0
AccountId_1164,1,1000.0,0.0,1000.0,1000.0,0.0
AccountId_1166,12,23362.5,56337.32060705246,800.0,200000.0,199200.0
AccountId_1167,3,5333.333333333333,4041.4518843273804,3000.0,10000.0,7000.0
AccountId_1168,1,1000.0,0.0,1000.0,1000.0,0.0
AccountId_1169,1,500.0,0.0,500.0,500.0,0.0
AccountId_1171,3,4333.333333333333,5773.502691896258,1000.0,11000.0,10000.0
AccountId_1172,19,1505.2631578947369,1336.0279788364908,500.0,5000.0,4500.0
AccountId_1174,1,3000.0,0.0,3000.0,3000.0,0.0
AccountId_1175,13,46113.46153846154,76500.7261780516,975.0,180000.0,179025.0
AccountId_1176,65,2276.923076923077,6279.798196169633,500.0,50000.0,49500.0
AccountId_1178,7,8601821.142857144,3309916.123615392,1095860.0,9880000.0,8784140.0
AccountId_118,1,500.0,0.0,500.0,500.0,0.0
AccountId_1180,19,6066.894736842105,2581.0837279186267,1000.0,10001.0,9001.0
AccountId_1181,11,7818.181818181818,3219.260219931959,1000.0,10000.0,9000.0
AccountId_1182,3,8333.333333333334,2886.7513459481293,5000.0,10000.0,5000.0
AccountId_1183,23,3886.9565217391305,3237.044716716733,500.0,15000.0,14500.0
AccountId_1184,3,5333.333333333333,4310.839052125854,1500.0,10000.0,8500.0
AccountId_1185,3,8666.666666666666,2309.4010767585028,6000.0,10000.0,4000.0
AccountId_1187,38,6468.421052631579,15981.477543286535,500.0,60000.0,59500.0
AccountId_1188,32,12521.875,4388.308100381168,10000.0,20000.0,10000.0
AccountId_1189,30,3586.6666666666665,2941.350069251373,500.0,10000.0,9500.0
AccountId_1192,10,7600.0,3397.711648219202,500.0,10000.0,9500.0
AccountId_1196,16,2093.75,1863.8557705287535,500.0,5000.0,4500.0
AccountId_1199,18,8388.888888888889,2354.941959791563,5000.0,10000.0,5000.0
AccountId_12,34,7761.441176470588,30744.660196815432,500.0,180000.0,179500.0
AccountId_120,20,3650.0,1631.1119875071345,1000.0,6000.0,5000.0
AccountId_1202,3,8666.666666666666,2309.4010767585028,6000.0,10000.0,4000.0
AccountId_1203,1,5000.0,0.0,5000.0,5000.0,0.0
AccountId_1205,12,3063.3333333333335,3066.7938050061734,1000.0,12000.0,11000.0
AccountId_1206,9,6777.777777777777,5309.844107357997,1000.0,15000.0,14000.0
AccountId_1207,1,1000.0,0.0,1000.0,1000.0,0.0
AccountId_1208,3,333500.0,288386.4594602181,500.0,500000.0,499500.0
AccountId_1209,9,2677.777777777778,3071.554076431741,100.0,10000.0,9900.0
AccountId_121,4,19250.0,957.4271077563386,18000.0,20000.0,2000.0
AccountId_1210,1,5000.0,0.0,5000.0,5000.0,0.0
AccountId_1211,6,5916.666666666667,3666.2878592203674,500.0,10000.0,9500.0
AccountId_1212,1,10000.0,0.0,10000.0,10000.0,0.0
AccountId_1213,9,8444.444444444445,2351.1226632776475,5000.0,10000.0,5000.0
AccountId_1214,3,10000.0,0.0,10000.0,10000.0,0.0
AccountId_1216,61,4396.0327868852455,11048.886824724641,20.0,80000.0,79980.0
AccountId_1217,2,2750.0,3181.9805153394636,500.0,5000.0,4500.0
AccountId_1218,8,12500.0,4629.100498862757,10000.0,20000.0,10000.0
AccountId_1219,12,10500.0,1445.9976109624424,10000.0,15000.0,5000.0
AccountId_122,31,2564.516129032258,4071.572045872599,500.0,20000.0,19500.0
AccountId_1220,4,1500.0,663.32495807108,600.0,2000.0,1400.0
AccountId_1221,11,2818.181818181818,3060.005941764879,500.0,10000.0,9500.0
AccountId_1223,5,1800.0,0.0,1800.0,1800.0,0.0
AccountId_1224,37,6724.324324324324,11200.35727122144,800.0,50000.0,49200.0
AccountId_1227,9,2144.4444444444443,1600.8678202080825,800.0,5000.0,4200.0
AccountId_1228,20,6650.0,17708.23477784752,500.0,80000.0,79500.0
AccountId_1230,6,7666.666666666667,3829.708431025352,1000.0,10000.0,9000.0
AccountId_1232,7,10857.142857142857,1864.454471471609,10000.0,15000.0,5000.0
AccountId_1233,72,6045.277777777777,4165.552893394613,500.0,13000.0,12500.0
AccountId_1234,2,1000.0,0.0,1000.0,1000.0,0.0
AccountId_1235,1,50000.0,0.0,50000.0,50000.0,0.0
AccountId_1237,2,500.0,0.0,500.0,500.0,0.0
AccountId_1239,1,600.0,0.0,600.0,600.0,0.0
AccountId_124,19,7947.368421052632,2895.853054331435,1000.0,10000.0,9000.0
AccountId_1240,46,92021.73913043478,411593.83912517095,1000.0,2000000.0,1999000.0
AccountId_1242,17,3952.9411764705883,5346.157223541367,500.0,14000.0,13500.0
AccountId_1243,1,1800.0,0.0,1800.0,1800.0,0.0
AccountId_1246,9,2277.777777777778,1641.4763002993507,500.0,5000.0,4500.0
AccountId_1247,3,666.6666666666666,288.6751345948129,500.0,1000.0,500.0
AccountId_1248,1,500.0,0.0,500.0,500.0,0.0
AccountId_1249,3,8333.333333333334,2886.7513459481293,5000.0,10000.0,5000.0
AccountId_125,2,7500.0,3535.5339059327375,5000.0,10000.0,5000.0
AccountId_1250,1,20000.0,0.0,20000.0,20000.0,0.0
AccountId_1251,13,7769.2307692307695,3113.247129976625,1000.0,10000.0,9000.0
AccountId_1252,4,500.0,0.0,500.0,500.0,0.0
AccountId_1253,3,5333.333333333333,4509.249752822894,1000.0,10000.0,9000.0
AccountId_1255,1,500.0,0.0,500.0,500.0,0.0
AccountId_1256,7,13714.285714285714,7846.746368491119,10000.0,31000.0,21000.0
AccountId_1257,1,5000.0,0.0,5000.0,5000.0,0.0
AccountId_1258,3,8666.666666666666,2309.4010767585028,6000.0,10000.0,4000.0
AccountId_1259,1,1000.0,0.0,1000.0,1000.0,0.0
AccountId_126,83,3210.843373493976,8976.63650475965,500.0,66000.0,65500.0
AccountId_1260,84,5054.4047619047615,5514.830083170478,500.0,35000.0,34500.0
AccountId_1261,3,8666.666666666666,2309.4010767585028,6000.0,10000.0,4000.0
AccountId_1262,11,9154.545454545454,1887.5188138737246,5000.0,10000.0,5000.0
AccountId_1263,11,10127.272727272728,283.1639422345616,10000.0,10700.0,700.0
AccountId_1264,9,777.7777777777778,263.5231383473649,500.0,1000.0,500.0
AccountId_1265,1,500.0,0.0,500.0,500.0,0.0
AccountId_1267,1,500.0,0.0,500.0,500.0,0.0
AccountId_127,9,10111.111111111111,333.3333333333333,10000.0,11000.0,1000.0
AccountId_1270,51,7831.3725490196075,3097.1916438011017,1000.0,11000.0,10000.0
AccountId_1272,13,8815.384615384615,2304.2880874021785,3600.0,10000.0,6400.0
AccountId_1273,3,10333.333333333334,577.3502691896255,10000.0,11000.0,1000.0
AccountId_1274,20,4095.0,5063.956742976468,500.0,14500.0,14000.0
AccountId_1275,1,10000.0,0.0,10000.0,10000.0,0.0
AccountId_1276,1,500.0,0.0,500.0,500.0,0.0
AccountId_1277,8,2325.0,1231.4335432448522,600.0,5000.0,4400.0
AccountId_1278,4,1125.0,629.1528696058958,500.0,2000.0,1500.0
AccountId_1279,3,10000.0,0.0,10000.0,10000.0,0.0
AccountId_128,2,1250.0,353.5533905932738,1000.0,1500.0,500.0
AccountId_1280,5,6000.0,5196.152422706632,2000.0,15000.0,13000.0
AccountId_1281,3,8333.333333333334,2886.7513459481293,5000.0,10000.0,5000.0
AccountId_1283,3,8666.666666666666,2309.4010767585028,6000.0,10000.0,4000.0
AccountId_1284,1,500.0,0.0,500.0,500.0,0.0
AccountId_1285,13,1361.5384615384614,547.0198983864931,1000.0,2500.0,1500.0
AccountId_1287,1,500.0,0.0,500.0,500.0,0.0
AccountId_1289,2,10000.0,0.0,10000.0,10000.0,0.0
AccountId_1290,1,5000.0,0.0,5000.0,5000.0,0.0
AccountId_1291,4,415375.0,829750.0,500.0,1660000.0,1659500.0
AccountId_1293,6,8500.0,2345.207879911715,5000.0,10000.0,5000.0
AccountId_1294,64,18109.375,22622.061985859364,500.0,100000.0,99500.0
AccountId_1295,3,2000.0,0.0,2000.0,2000.0,0.0
AccountId_1296,34,3370.5882352941176,4190.7205868959045,500.0,12000.0,11500.0
AccountId_1297,3,55000.0,91810.94705970524,500.0,161000.0,160500.0
AccountId_1298,1,1000.0,0.0,1000.0,1000.0,0.0
AccountId_1299,14,4550.214285714285,3641.192834531256,1000.0,11000.0,10000.0
AccountId_13,3,3000.0,0.0,3000.0,3000.0,0.0
AccountId_130,1,1000.0,0.0,1000.0,1000.0,0.0
AccountId_1301,309,5582.52427184466,9341.056843741653,500.0,50000.0,49500.0
AccountId_1302,1,1000.0,0.0,1000.0,1000.0,0.0
AccountId_1304,1,50000.0,0.0,50000.0,50000.0,0.0
AccountId_1307,1,500.0,0.0,500.0,500.0,0.0
AccountId_1308,8,29391.875,40028.97110999732,1135.0,120000.0,118865.0
AccountId_1309,2,5000.0,0.0,5000.0,5000.0,0.0
AccountId_131,18,12666.666666666666,22083.398076116715,500.0,100000.0,99500.0
AccountId_1310,5,4250.0,3464.1016151377544,1750.0,10000.0,8250.0
AccountId_1312,1,20000.0,0.0,20000.0,20000.0,0.0
AccountId_1314,24,8333.333333333334,3235.894697414244,500.0,15000.0,14500.0
AccountId_1316,2,7500.0,3535.5339059327375,5000.0,10000.0,5000.0
AccountId_1317,7,107714.28571428571,176862.2008662057,7000.0,500000.0,493000.0
AccountId_1318,7,10857.142857142857,1864.454471471609,10000.0,15000.0,5000.0
AccountId_1320,10,10950.0,11847.292236343852,1000.0,30000.0,29000.0
AccountId_1321,10,7200.0,3994.4405810520648,1000.0,15000.0,14000.0
AccountId_1323,1,1000.0,0.0,1000.0,1000.0,0.0
AccountId_1324,1,2000.0,0.0,2000.0,2000.0,0.0
AccountId_1325,12,9425.0,6590.230372576999,500.0,20000.0,19500.0
AccountId_1327,17,118705.88235294117,145883.73568782536,500.0,300000.0,299500.0
AccountId_1329,5,2600.0,4144.2731570204205,500.0,10000.0,9500.0
AccountId_133,1,5000.0,0.0,5000.0,5000.0,0.0
AccountId_1331,16,7875.0,2986.0788111948195,1000.0,10000.0,9000.0
AccountId_1332,64,12445.3125,37839.08254906244,500.0,250000.0,249500.0
AccountId_1333,7,4328.571428571428,3118.073275659338,1000.0,11000.0,10000.0
AccountId_1334,6,7666.666666666667,2581.9888974716114,5000.0,10000.0,5000.0
AccountId_1335,1,500000.0,0.0,500000.0,500000.0,0.0
AccountId_1336,83,10353.686746987953,7992.566598252724,500.0,66856.0,66356.0
AccountId_1338,18,5833.333333333333,4385.805982672632,1000.0,10000.0,9000.0
AccountId_1339,7,1785.7142857142858,906.3269671749657,1000.0,3000.0,2000.0
AccountId_134,30,5432.3,8283.518314431209,507.0,33000.0,32493.0
AccountId_1340,1,500.0,0.0,500.0,500.0,0.0
AccountId_1342,1,1000.0,0.0,1000.0,1000.0,0.0
AccountId_1344,3,4500.0,866.0254037844386,3500.0,5000.0,1500.0
AccountId_1345,4,6500.0,4358.898943540674,1000.0,10000.0,9000.0
AccountId_1346,350,2642.6257142857144,3384.2711471774373,500.0,23000.0,22500.0
AccountId_1347,3,1333.3333333333333,577.3502691896257,1000.0,2000.0,1000.0
AccountId_1349,1,1000.0,0.0,1000.0,1000.0,0.0
AccountId_135,18,7944.444444444444,10800.175500873733,1000.0,40000.0,39000.0
AccountId_1350,36,1230.0,908.3359982486028,500.0,3300.0,2800.0
AccountId_1351,4,10000.0,0.0,10000.0,10000.0,0.0
AccountId_1353,1,80000.0,0.0,80000.0,80000.0,0.0
AccountId_1354,7,8714.285714285714,3450.327796711771,1000.0,11000.0,10000.0
AccountId_1356,1,5000.0,0.0,5000.0,5000.0,0.0
AccountId_1357,3,10000.0,0.0,10000.0,10000.0,0.0
AccountId_1358,3,10000.0,0.0,10000.0,10000.0,0.0
AccountId_1359,1,1000.0,0.0,1000.0,1000.0,0.0
AccountId_1360,1,800.0,0.0,800.0,800.0,0.0
AccountId_1361,1,1000000.0,0.0,1000000.0,1000000.0,0.0
AccountId_1362,12,2208.3333333333335,1590.00190584982,500.0,5000.0,4500.0
AccountId_1363,3,2666.6666666666665,2081.6659994661327,1000.0,5000.0,4000.0
AccountId_1364,2,2750.0,3181.9805153394636,500.0,5000.0,4500.0
AccountId_1365,6,7666.666666666667,3945.461527713414,500.0,10000.0,9500.0
AccountId_1366,38,4492.105263157895,9241.34018533311,600.0,50000.0,49400.0
AccountId_1367,16,22156.25,48300.351534262496,500.0,145000.0,144500.0
AccountId_1368,13,14307.692307692309,29203.694444894623,500.0,80000.0,79500.0
AccountId_1369,27,8555.555555555555,2665.063620734804,5000.0,15000.0,10000.0
AccountId_1371,1,3000.0,0.0,3000.0,3000.0,0.0
AccountId_1372,1,500.0,0.0,500.0,500.0,0.0
AccountId_1374,3,8666.666666666666,2309.4010767585028,6000.0,10000.0,4000.0
AccountId_1375,14,821.4285714285714,229.30856412794,500.0,1000.0,500.0
AccountId_1377,3,4333.333333333333,4932.882862316247,1000.0,10000.0,9000.0
AccountId_1378,3,2333.3333333333335,1154.7005383792514,1000.0,3000.0,2000.0
AccountId_1380,1,5000.0,0.0,5000.0,5000.0,0.0
AccountId_1384,3,21333.333333333332,35218.366420567174,1000.0,62000.0,61000.0
AccountId_1385,2,1000.0,0.0,1000.0,1000.0,0.0
AccountId_1386,13,1961.5384615384614,1264.6069623526391,500.0,5000.0,4500.0
AccountId_1388,2,1000.0,0.0,1000.0,1000.0,0.0
AccountId_1389,1,250000.0,0.0,250000.0,250000.0,0.0
AccountId_1390,1,500.0,0.0,500.0,500.0,0.0
AccountId_1391,1,5000.0,0.0,5000.0,5000.0,0.0
AccountId_1392,1,5000.0,0.0,5000.0,5000.0,0.0
AccountId_1393,2,500.0,0.0,500.0,500.0,0.0
AccountId_1394,58,2568.189655172414,3747.8572238570423,100.0,22000.0,21900.0
AccountId_1395,7,4571.428571428572,5689.38024911744,500.0,15000.0,14500.0
AccountId_1398,7,2400.0,1649.242250247064,800.0,5000.0,4200.0
AccountId_1399,9,6222.222222222223,4352.521619066865,1000.0,10000.0,9000.0
AccountId_14,15,8140.0,3512.386246251562,600.0,15000.0,14400.0
AccountId_140,12,4804.166666666667,3598.7660974620767,650.0,10000.0,9350.0
AccountId_1400,2,5500.0,6363.961030678927,1000.0,10000.0,9000.0
AccountId_1403,12,25250.0,16809.764478367382,3000.0,50000.0,47000.0
AccountId_1404,32,7543.75,7587.975950954119,1000.0,30000.0,29000.0
AccountId_1405,1,10000.0,0.0,10000.0,10000.0,0.0
AccountId_1406,6,3466.6666666666665,3525.14775104061,1000.0,10000.0,9000.0
AccountId_1408,15,5441.933333333333,8309.3323822131,800.0,24000.0,23200.0
AccountId_1409,28,8035.714285714285,3482.571876976393,500.0,15000.0,14500.0
AccountId_1411,1,500.0,0.0,500.0,500.0,0.0
AccountId_1415,14,3357.1428571428573,5396.966995197649,600.0,20000.0,19400.0
AccountId_1417,6,8500.0,2345.207879911715,5000.0,10000.0,5000.0
AccountId_1419,21,8400.0,3145.631892005166,500.0,10000.0,9500.0
AccountId_1423,20,10452.0,11471.602283350327,2000.0,50000.0,48000.0
AccountId_1424,4,9000.0,2000.0,6000.0,10000.0,4000.0
AccountId_1425,1,1000000.0,0.0,1000000.0,1000000.0,0.0
AccountId_1426,8,1875.0,3292.307050426147,500.0,10000.0,9500.0
AccountId_1427,5,12000.0,4472.13595499958,10000.0,20000.0,10000.0
AccountId_1429,3,2666.6666666666665,577.3502691896257,2000.0,3000.0,1000.0
AccountId_1430,1,50000.0,0.0,50000.0,50000.0,0.0
AccountId_1432,3,7000.0,5196.152422706632,1000.0,10000.0,9000.0
AccountId_1433,11,1181.8181818181818,462.20813886858764,500.0,2000.0,1500.0
AccountId_1434,3,7000.0,5196.152422706632,1000.0,10000.0,9000.0
AccountId_1437,20,18291.75,40651.835760807706,1995.0,190000.0,188005.0
AccountId_1438,16,4187.5,3885.3356783337695,500.0,10000.0,9500.0
AccountId_1439,4,10000.0,0.0,10000.0,10000.0,0.0
AccountId_144,1,10000.0,0.0,10000.0,10000.0,0.0
AccountId_1441,12,5176.75,3261.769657019721,1000.0,10000.0,9000.0
AccountId_1442,14,9000.0,2000.0,5000.0,10000.0,5000.0
AccountId_1443,2,1000.0,0.0,1000.0,1000.0,0.0
AccountId_1444,19,42704.63157894737,58629.61443882788,5000.0,200000.0,195000.0
AccountId_1445,2,10500.0,7778.174593052023,5000.0,16000.0,11000.0
AccountId_1447,47,1682.872340425532,1296.8644228194548,900.0,5000.0,4100.0
AccountId_1449,3,10000.0,0.0,10000.0,10000.0,0.0
AccountId_145,1,5000.0,0.0,5000.0,5000.0,0.0
AccountId_1452,7,2285.714285714286,1954.8474547720011,500.0,5000.0,4500.0
AccountId_1453,1,10000.0,0.0,10000.0,10000.0,0.0
AccountId_1457,12,12141.666666666666,4893.865981248796,5700.0,20000.0,14300.0
AccountId_1459,3,10000.0,0.0,10000.0,10000.0,0.0
AccountId_146,4,32500.0,20615.528128088303,10000.0,50000.0,40000.0
AccountId_1460,2,10000.0,0.0,10000.0,10000.0,0.0
AccountId_1462,4,1000.0,0.0,1000.0,1000.0,0.0
AccountId_1463,8,38125.0,46746.84863328069,10000.0,150000.0,140000.0
AccountId_1465,6,133333.33333333334,82623.64471909156,80000.0,240000.0,160000.0
AccountId_1467,3,10000.0,0.0,10000.0,10000.0,0.0
AccountId_1468,1,5000.0,0.0,5000.0,5000.0,0.0
AccountId_1469,1,1000.0,0.0,1000.0,1000.0,0.0
AccountId_147,12,11750.0,11330.770655006818,1000.0,26000.0,25000.0
AccountId_1470,11,2518.181818181818,3117.953874520334,500.0,10000.0,9500.0
AccountId_1472,16,8500.0,2309.4010767585028,5000.0,10000.0,5000.0
AccountId_1474,6,835.0,606.0940521074266,500.0,2000.0,1500.0
AccountId_1475,8,6525.0,4224.334267076884,500.0,10500.0,10000.0
AccountId_1476,9,3333.3333333333335,2828.4271247461897,1000.0,10000.0,9000.0
AccountId_1477,8,9330.625,9165.085315439552,1000.0,21000.0,20000.0
AccountId_1478,11,7154.545454545455,14397.663951930788,500.0,50000.0,49500.0
AccountId_1479,20,3050.0,2684.7522673129642,1000.0,10000.0,9000.0
AccountId_148,55,1960.0,4317.861267563599,500.0,30000.0,29500.0
AccountId_1480,1,1509988.0,0.0,1509988.0,1509988.0,0.0
AccountId_1482,1,2000.0,0.0,2000.0,2000.0,0.0
AccountId_1483,1,1000.0,0.0,1000.0,1000.0,0.0
AccountId_1485,3,1000.0,0.0,1000.0,1000.0,0.0
AccountId_1486,2,30300.0,42002.14280248092,600.0,60000.0,59400.0
AccountId_1488,39,94931.79487179487,359431.5485367635,690.0,2000000.0,1999310.0
AccountId_1489,2,500.0,0.0,500.0,500.0,0.0
AccountId_1490,34,9013.176470588236,3296.12996645964,1248.0,12000.0,10752.0
AccountId_1491,3,8333.333333333334,2886.7513459481293,5000.0,10000.0,5000.0
AccountId_1492,3,833.3333333333334,288.67513459481285,500.0,1000.0,500.0
AccountId_1494,22,6209.090909090909,4064.3524747444135,500.0,10000.0,9500.0
AccountId_1497,24,6708.333333333333,3888.323285301068,500.0,10000.0,9500.0
AccountId_1499,2,7500.0,3535.5339059327375,5000.0,10000.0,5000.0
AccountId_15,2,3750.0,4596.194077712559,500.0,7000.0,6500.0
AccountId_150,3,1000.0,0.0,1000.0,1000.0,0.0
AccountId_1500,14,4035.714285714286,3410.7538401710785,500.0,11000.0,10500.0
AccountId_1501,4,5000.0,0.0,5000.0,5000.0,0.0
AccountId_1502,1,1000.0,0.0,1000.0,1000.0,0.0
AccountId_1503,14,7150.0,6408.497963941797,500.0,20000.0,19500.0
AccountId_1504,63,11953.968253968254,4558.466967715147,1000.0,20000.0,19000.0
AccountId_1505,3,3666.6666666666665,3785.9388972001825,1000.0,8000.0,7000.0
AccountId_1506,13,14746.153846153846,17408.935224218214,500.0,70000.0,69500.0
AccountId_1508,1,1000.0,0.0,1000.0,1000.0,0.0
AccountId_151,7,3285.714285714286,3302.2358947782495,1000.0,10000.0,9000.0
AccountId_1510,28,9285.714285714286,1781.7416127494962,5000.0,10000.0,5000.0
AccountId_1511,4,1625.0,2250.0,500.0,5000.0,4500.0
AccountId_1513,1,10000.0,0.0,10000.0,10000.0,0.0
AccountId_1514,1,150000.0,0.0,150000.0,150000.0,0.0
AccountId_1515,1,10000.0,0.0,10000.0,10000.0,0.0
AccountId_1516,1,1000.0,0.0,1000.0,1000.0,0.0
AccountId_1517,1,10000.0,0.0,10000.0,10000.0,0.0
AccountId_1518,48,8240.916666666666,6302.4639012810185,500.0,35000.0,34500.0
AccountId_1519,6,15166.666666666666,5307.2277760302195,10000.0,20000.0,10000.0
AccountId_1520,6,335000.0,815681.5555104823,1000.0,2000000.0,1999000.0
AccountId_1521,1,10000.0,0.0,10000.0,10000.0,0.0
AccountId_1523,7,1600.0,532.290647422377,1000.0,2500.0,1500.0
AccountId_1525,48,5545.833333333333,4366.0663601224505,500.0,10000.0,9500.0
AccountId_1526,7,8714.285714285714,2214.669705568283,5000.0,10000.0,5000.0
AccountId_1527,1,30000.0,0.0,30000.0,30000.0,0.0
AccountId_1528,12,8416.666666666666,2353.269807709857,5000.0,10000.0,5000.0
AccountId_153,3,8666.666666666666,2309.4010767585028,6000.0,10000.0,4000.0
AccountId_1530,1,10000.0,0.0,10000.0,10000.0,0.0
AccountId_1533,28,7100.0,14992.566059118668,500.0,60000.0,59500.0
AccountId_1534,2,5500.0,6363.961030678927,1000.0,10000.0,9000.0
AccountId_1535,91,1431.4505494505495,1520.8969302774835,500.0,10000.0,9500.0
AccountId_1538,33,158424.24242424243,125273.20900312004,2000.0,280000.0,278000.0
AccountId_1540,1,500.0,0.0,500.0,500.0,0.0
AccountId_1541,3,3666.6666666666665,2309.401076758503,1000.0,5000.0,4000.0
AccountId_1542,4,8406.0,7852.529783451954,1160.0,17000.0,15840.0
AccountId_1543,11,1272.7272727272727,606.7798762169178,500.0,2000.0,1500.0
AccountId_1544,6,54166.666666666664,64505.555316318816,1000.0,160000.0,159000.0
AccountId_1545,1,500.0,0.0,500.0,500.0,0.0
AccountId_1546,3,8333.333333333334,2886.7513459481293,5000.0,10000.0,5000.0
AccountId_1549,3,8666.666666666666,2309.4010767585028,6000.0,10000.0,4000.0
AccountId_155,3,8400.0,2944.486372867091,5000.0,10100.0,5100.0
AccountId_1550,3,8666.666666666666,2309.4010767585028,6000.0,10000.0,4000.0
AccountId_1552,31,1922.5806451612902,2672.1663717440147,500.0,15000.0,14500.0
AccountId_1553,2,10000.0,0.0,10000.0,10000.0,0.0
AccountId_1554,1,1000.0,0.0,1000.0,1000.0,0.0
AccountId_1555,154,6073.376623376624,9103.745133295362,500.0,50000.0,49500.0
AccountId_1556,3,10000.0,0.0,10000.0,10000.0,0.0
AccountId_1557,7,7285.714285714285,3638.419332360584,1000.0,10000.0,9000.0
AccountId_1558,18,1944.4444444444443,2363.253545487965,1000.0,11000.0,10000.0
AccountId_1560,1,1000.0,0.0,1000.0,1000.0,0.0
AccountId_1562,49,5948.9795918367345,6135.861880812522,500.0,24000.0,23500.0
AccountId_1563,38,2088.0,2470.560555715941,500.0,10000.0,9500.0
AccountId_1566,4,1000.0,0.0,1000.0,1000.0,0.0
AccountId_1567,40,2537.5,3014.978632402915,500.0,10000.0,9500.0
AccountId_1568,3,26666.666666666668,20816.659994661328,10000.0,50000.0,40000.0
AccountId_1569,2,4000.0,1414.213562373095,3000.0,5000.0,2000.0
AccountId_157,7,12285.714285714286,4270.6082983686565,10000.0,21000.0,11000.0
AccountId_1570,12,9666.666666666666,1497.4726182552527,5000.0,11000.0,6000.0
AccountId_1571,18,9166.666666666666,23070.225272364532,1000.0,100000.0,99000.0
AccountId_1574,6,8333.333333333334,2581.9888974716114,5000.0,10000.0,5000.0
AccountId_1575,2,1000.0,0.0,1000.0,1000.0,0.0
AccountId_1579,35,3471.4285714285716,3660.084491838263,1000.0,11000.0,10000.0
AccountId_1583,1,1000.0,0.0,1000.0,1000.0,0.0
AccountId_1585,5,2900.0,2012.4611797498108,1000.0,5000.0,4000.0
AccountId_1587,19,7763.684210526316,3185.2877255809785,1000.0,10000.0,9000.0
AccountId_1588,1,10000.0,0.0,10000.0,10000.0,0.0
AccountId_1589,2,10500.0,13435.028842544403,1000.0,20000.0,19000.0
AccountId_159,1,10000.0,0.0,10000.0,10000.0,0.0
AccountId_1590,6,3941.6666666666665,4697.596903382267,500.0,10000.0,9500.0
AccountId_1591,65,9138.461538461539,25113.658462003372,200.0,120000.0,119800.0
AccountId_1592,4,3750.0,1499.9999999999998,2000.0,5000.0,3000.0
AccountId_1593,3,10000.0,0.0,10000.0,10000.0,0.0
AccountId_1594,1,500.0,0.0,500.0,500.0,0.0
AccountId_1595,7,7285.714285714285,3683.941988065036,1000.0,10000.0,9000.0
AccountId_1596,15,9533.333333333334,3957.3921186751736,600.0,20000.0,19400.0
AccountId_1597,3,10000.0,0.0,10000.0,10000.0,0.0
AccountId_1598,84,4917.857142857143,12027.40005069034,500.0,80000.0,79500.0
AccountId_16,1,1000.0,0.0,1000.0,1000.0,0.0
AccountId_160,49,1946.938775510204,1817.8629899803054,200.0,10000.0,9800.0
AccountId_1600,3,10333.333333333334,577.3502691896255,10000.0,11000.0,1000.0
AccountId_1601,96,3257.2916666666665,9213.762529832224,500.0,50000.0,49500.0
AccountId_1602,2,50250.0,70357.12472806148,500.0,100000.0,99500.0
AccountId_1603,5,1020.0,408.656334834051,500.0,1500.0,1000.0
AccountId_1604,11,2727.2727272727275,3117.399848941713,500.0,10000.0,9500.0
AccountId_1605,1,540000.0,0.0,540000.0,540000.0,0.0
AccountId_1606,39,5143.538461538462,8833.094727533891,1000.0,40000.0,39000.0
AccountId_1607,1,500.0,0.0,500.0,500.0,0.0
AccountId_1608,231,10206.060606060606,14663.031229881663,900.0,120000.0,119100.0
AccountId_1609,20,96190.0,53463.66104777691,21900.0,200000.0,178100.0
AccountId_1611,3,10333.333333333334,577.3502691896255,10000.0,11000.0,1000.0
AccountId_1612,2,8000.0,2828.42712474619,6000.0,10000.0,4000.0
AccountId_1615,5,820.0,248.99799195977465,500.0,1000.0,500.0
AccountId_1616,161,6121.260869565217,13877.197208695337,500.0,102269.0,101769.0
AccountId_1617,13,4307.692307692308,3550.4604251799838,500.0,10000.0,9500.0
AccountId_1618,4,825.0,236.29078131263043,500.0,1000.0,500.0
AccountId_1619,3,6666.666666666667,2886.751345948129,5000.0,10000.0,5000.0
AccountId_162,13,1146.1538461538462,368.8165411497172,500.0,2000.0,1500.0
AccountId_1620,2,50750.0,69650.01794687493,1500.0,100000.0,98500.0
AccountId_1622,7,1571.4285714285713,534.5224838248488,1000.0,2000.0,1000.0
AccountId_1623,2,2750.0,3181.9805153394636,500.0,5000.0,4500.0
AccountId_1624,8,11875.0,14337.139583214339,1000.0,40000.0,39000.0
AccountId_1625,2,750.0,353.5533905932738,500.0,1000.0,500.0
AccountId_1627,41,17768.29268292683,52008.08802015504,900.0,300000.0,299100.0
AccountId_1628,1,500.0,0.0,500.0,500.0,0.0
AccountId_1629,1,500.0,0.0,500.0,500.0,0.0
AccountId_1630,11,7363.636363636364,3233.3489534143164,1000.0,10000.0,9000.0
AccountId_1633,15,3700.0,3769.236375864859,500.0,10000.0,9500.0
AccountId_1634,97,5182.422680412371,6934.538861793931,500.0,50000.0,49500.0
AccountId_1635,3,10333.333333333334,577.3502691896255,10000.0,11000.0,1000.0
AccountId_1636,7,7285.714285714285,3683.941988065036,1000.0,10000.0,9000.0
AccountId_1637,8,2012.5,1567.9262919993585,500.0,5000.0,4500.0
AccountId_1638,44,2806.818181818182,7439.848639597908,1000.0,50000.0,49000.0
AccountId_1639,5,9200.0,2387.4672772626645,5000.0,11000.0,6000.0
AccountId_164,1,5000.0,0.0,5000.0,5000.0,0.0
AccountId_1640,1,2000.0,0.0,2000.0,2000.0,0.0
AccountId_1641,3,7000.0,5196.152422706632,1000.0,10000.0,9000.0
AccountId_1643,2,750.0,353.5533905932738,500.0,1000.0,500.0
AccountId_1645,3,10000.0,0.0,10000.0,10000.0,0.0
AccountId_1649,1,1000.0,0.0,1000.0,1000.0,0.0
AccountId_165,6,11500.0,5394.441583704471,2000.0,18000.0,16000.0
AccountId_1650,1,2000.0,0.0,2000.0,2000.0,0.0
AccountId_1652,54,5555.555555555556,4342.274278756431,500.0,10000.0,9500.0
AccountId_1653,52,2347.5,1601.7917357465303,50.0,5000.0,4950.0
AccountId_1654,12,5416.666666666667,3182.575667409634,500.0,10000.0,9500.0
AccountId_1655,6,3833.3333333333335,3600.925806881706,1000.0,10000.0,9000.0
AccountId_1656,1,50000.0,0.0,50000.0,50000.0,0.0
AccountId_1658,1,500.0,0.0,500.0,500.0,0.0
AccountId_1659,1,150000.0,0.0,150000.0,150000.0,0.0
AccountId_166,1,50000.0,0.0,50000.0,50000.0,0.0
AccountId_1660,5,6200.0,3834.057902536163,1000.0,10000.0,9000.0
AccountId_1661,13,9615.384615384615,1386.7504905630728,5000.0,10000.0,5000.0
AccountId_1665,1,5000.0,0.0,5000.0,5000.0,0.0
AccountId_1667,1,1000.0,0.0,1000.0,1000.0,0.0
AccountId_1669,46,8269.565217391304,2758.491501222876,1000.0,10000.0,9000.0
AccountId_167,1,1000.0,0.0,1000.0,1000.0,0.0
AccountId_1670,114,2601.754385964912,5198.53591465463,500.0,27000.0,26500.0
AccountId_1671,1,1000.0,0.0,1000.0,1000.0,0.0
AccountId_1672,4,1500.0,1000.0000000000001,1000.0,3000.0,2000.0
AccountId_1673,7,5142.857142857143,4249.649845519488,1000.0,11000.0,10000.0
AccountId_1674,13,3434.6153846153848,5185.853538529305,500.0,20000.0,19500.0
AccountId_1675,3,10000.0,0.0,10000.0,10000.0,0.0
AccountId_1677,1,1100.0,0.0,1100.0,1100.0,0.0
AccountId_1679,11,4636.363636363636,4324.875195256558,500.0,10000.0,9500.0
AccountId_168,8,45562.5,127455.99730887519,500.0,361000.0,360500.0
AccountId_1680,10,6490.0,3245.6637739194944,1000.0,10000.0,9000.0
AccountId_1681,18,7000.0,3625.887315338056,1000.0,10000.0,9000.0
AccountId_1682,24,3433.3333333333335,3153.0063868254874,500.0,11000.0,10500.0
AccountId_1683,5,1400.0,547.7225575051662,1000.0,2000.0,1000.0
AccountId_1685,1,2000.0,0.0,2000.0,2000.0,0.0
AccountId_1686,87,4341.954022988506,4416.629999898234,500.0,20000.0,19500.0
AccountId_1687,34,7145.882352941177,5001.8304938062465,1000.0,20500.0,19500.0
AccountId_1688,1,10000.0,0.0,10000.0,10000.0,0.0
AccountId_1689,22,8954.545454545454,2886.37641882843,1000.0,11000.0,10000.0
AccountId_169,32,40220.46875,97974.67622413863,500.0,400000.0,399500.0
AccountId_1690,1,1000.0,0.0,1000.0,1000.0,0.0
AccountId_1691,3,10000.0,0.0,10000.0,10000.0,0.0
AccountId_1692,4,3500.0,0.0,3500.0,3500.0,0.0
AccountId_1693,1,1500.0,0.0,1500.0,1500.0,0.0
AccountId_1694,5,12320.0,14408.747343193992,600.0,30000.0,29400.0
AccountId_1697,1,4000.0,0.0,4000.0,4000.0,0.0
AccountId_1699,1,1000.0,0.0,1000.0,1000.0,0.0
AccountId_170,4,8000.0,8124.03840463596,2000.0,20000.0,18000.0
AccountId_1701,1,5000.0,0.0,5000.0,5000.0,0.0
AccountId_1702,2,26000.0,0.0,26000.0,26000.0,0.0
AccountId_1704,4,2500.0,577.3502691896257,2000.0,3000.0,1000.0
AccountId_1708,16,12687.5,5929.797635670209,5000.0,21000.0,16000.0
AccountId_1709,93,5713.978494623656,8953.413138329954,500.0,50000.0,49500.0
AccountId_171,3,8666.666666666666,2309.4010767585028,6000.0,10000.0,4000.0
AccountId_1710,1,10000.0,0.0,10000.0,10000.0,0.0
AccountId_1712,2,52500.0,67175.14421272202,5000.0,100000.0,95000.0
AccountId_1713,1,10000.0,0.0,10000.0,10000.0,0.0
AccountId_1714,3,8400.0,2771.2812921102036,5200.0,10000.0,4800.0
AccountId_1716,1,500.0,0.0,500.0,500.0,0.0
AccountId_1717,4,12500.0,5000.0,10000.0,20000.0,10000.0
AccountId_1718,3,10000.0,0.0,10000.0,10000.0,0.0
AccountId_1719,3,10000.0,0.0,10000.0,10000.0,0.0
AccountId_172,1,1000.0,0.0,1000.0,1000.0,0.0
AccountId_1720,1,1000.0,0.0,1000.0,1000.0,0.0
AccountId_1721,7,11571.42857142857,3735.288603626359,10000.0,20000.0,10000.0
AccountId_1722,5,9100.0,7266.36084983398,500.0,20000.0,19500.0
AccountId_1723,2,20250.0,353.5533905932738,20000.0,20500.0,500.0
AccountId_1724,2,1000.0,0.0,1000.0,1000.0,0.0
AccountId_1725,1,1000.0,0.0,1000.0,1000.0,0.0
AccountId_1726,66,4635.878787878788,6263.796579158808,50.0,50000.0,49950.0
AccountId_1729,1,2000.0,0.0,2000.0,2000.0,0.0
AccountId_173,15,2366.6666666666665,2348.758537327042,500.0,10000.0,9500.0
AccountId_1730,1,2000.0,0.0,2000.0,2000.0,0.0
AccountId_1731,8,9500.0,1851.640199545103,5000.0,11000.0,6000.0
AccountId_1734,3,8666.666666666666,2309.4010767585028,6000.0,10000.0,4000.0
AccountId_1736,1,500.0,0.0,500.0,500.0,0.0
AccountId_1737,3,1166.6666666666667,763.7626158259734,500.0,2000.0,1500.0
AccountId_1739,10,1150.0,1375.3787357185172,500.0,5000.0,4500.0
AccountId_174,3,1166.6666666666667,763.7626158259734,500.0,2000.0,1500.0
AccountId_1740,5,4000.0,1414.213562373095,2000.0,5000.0,3000.0
AccountId_1742,16,6654.0,9259.652405283185,1800.0,30000.0,28200.0
AccountId_1744,6,10933.333333333334,6778.397057318689,3600.0,22000.0,18400.0
AccountId_1745,13,7384.615384615385,3792.2829873850733,500.0,11000.0,10500.0
AccountId_1746,70,2526.3285714285716,3347.7179799207825,500.0,10000.0,9500.0
AccountId_1747,1,1000.0,0.0,1000.0,1000.0,0.0
AccountId_1748,32,6250.0,3977.760757657666,500.0,10000.0,9500.0
AccountId_1749,10,9600.0,1646.545204697129,5000.0,11000.0,6000.0
AccountId_175,8,5750.0,1752.549163769328,5000.0,10000.0,5000.0
AccountId_1750,1,1000.0,0.0,1000.0,1000.0,0.0
AccountId_1751,7,10857.142857142857,1864.454471471609,10000.0,15000.0,5000.0
AccountId_1752,1,10000.0,0.0,10000.0,10000.0,0.0
AccountId_1753,18,9511.111111111111,1460.0116393125447,5500.0,10200.0,4700.0
AccountId_1754,1,500000.0,0.0,500000.0,500000.0,0.0
AccountId_1755,2,10000.0,0.0,10000.0,10000.0,0.0
AccountId_1756,11,9636.363636363636,1566.6989036012803,5000.0,11000.0,6000.0
AccountId_1758,1,10000.0,0.0,10000.0,10000.0,0.0
AccountId_1759,2,11000.0,1414.213562373095,10000.0,12000.0,2000.0
AccountId_1760,6,8500.0,2345.207879911715,5000.0,10000.0,5000.0
AccountId_1761,16,1587.5,1347.5286020464773,500.0,3500.0,3000.0
AccountId_1762,1,6000.0,0.0,6000.0,6000.0,0.0
AccountId_1763,1,1000.0,0.0,1000.0,1000.0,0.0
AccountId_1764,1,500.0,0.0,500.0,500.0,0.0
AccountId_1765,90,4293.333333333333,4089.059120920364,500.0,16000.0,15500.0
AccountId_1766,3,8333.333333333334,2886.7513459481293,5000.0,10000.0,5000.0
AccountId_1767,5,820.0,248.99799195977465,500.0,1000.0,500.0
AccountId_1768,1,1000.0,0.0,1000.0,1000.0,0.0
AccountId_1769,3,75000.0,108512.67207105353,5000.0,200000.0,195000.0
AccountId_177,5,3500.0,4062.01920231798,500.0,10000.0,9500.0
AccountId_1770,3,1333.3333333333333,577.3502691896257,1000.0,2000.0,1000.0
AccountId_1776,1,5000.0,0.0,5000.0,5000.0,0.0
AccountId_1777,1,50000.0,0.0,50000.0,50000.0,0.0
AccountId_1778,7,7285.714285714285,3638.419332360584,1000.0,10000.0,9000.0
AccountId_178,10,4500.0,4116.363011742823,1000.0,10000.0,9000.0
AccountId_1780,4,31750.0,46176.29261861546,2000.0,100000.0,98000.0
AccountId_1781,2,2000.0,0.0,2000.0,2000.0,0.0
AccountId_1782,9,10166.666666666666,499.99999999999994,10000.0,11500.0,1500.0
AccountId_1783,5,2015.0,1762.7748012721308,500.0,5000.0,4500.0
AccountId_1784,5,9000.0,2236.06797749979,5000.0,10000.0,5000.0
AccountId_1786,4,6500.0,4358.898943540674,1000.0,10000.0,9000.0
AccountId_1787,1,11000.0,0.0,11000.0,11000.0,0.0
AccountId_1789,15,24533.333333333332,40397.78400334544,1000.0,120000.0,119000.0
AccountId_179,1,2000.0,0.0,2000.0,2000.0,0.0
AccountId_1790,2,500.0,0.0,500.0,500.0,0.0
AccountId_1792,1,1000.0,0.0,1000.0,1000.0,0.0
AccountId_1793,5,5000.0,3372.6843908080104,500.0,10000.0,9500.0
AccountId_1794,2,6000.0,5656.85424949238,2000.0,10000.0,8000.0
AccountId_1796,62,3089.4032258064517,2936.4393318264933,500.0,10200.0,9700.0
AccountId_1797,23,2000.0,1492.405014489273,500.0,5000.0,4500.0
AccountId_1798,5,1000.0,353.5533905932738,500.0,1500.0,1000.0
AccountId_18,19,13231.578947368422,4810.642441686389,10000.0,20700.0,10700.0
AccountId_180,4,11250.0,2500.0,10000.0,15000.0,5000.0
AccountId_1800,1,1000.0,0.0,1000.0,1000.0,0.0
AccountId_1801,3,14000.0,10392.304845413264,2000.0,20000.0,18000.0
AccountId_1802,2,8000.0,2828.42712474619,6000.0,10000.0,4000.0
AccountId_1808,1,100000.0,0.0,100000.0,100000.0,0.0
AccountId_181,1,1000.0,0.0,1000.0,1000.0,0.0
AccountId_1814,5,43640.0,64436.38723578472,1200.0,150000.0,148800.0
AccountId_1815,6,19666.666666666668,39515.39784269756,1000.0,100000.0,99000.0
AccountId_1816,3,10000.0,0.0,10000.0,10000.0,0.0
AccountId_1817,1,5000.0,0.0,5000.0,5000.0,0.0
AccountId_182,1,500.0,0.0,500.0,500.0,0.0
AccountId_1820,6,15000.0,5477.2255750516615,10000.0,20000.0,10000.0
AccountId_1821,15,8000.0,3162.2776601683795,5000.0,15000.0,10000.0
AccountId_1822,29,9245.689655172413,11949.19421402682,500.0,45250.0,44750.0
AccountId_1823,89,21507.449438202246,78802.0323522253,60.0,700000.0,699940.0
AccountId_1824,2,60000.0,56568.5424949238,20000.0,100000.0,80000.0
AccountId_1825,192,10663.895833333334,55602.432653754186,500.0,588668.0,588168.0
AccountId_1826,8,9375.0,1767.7669529663688,5000.0,10000.0,5000.0
AccountId_1827,1,2000.0,0.0,2000.0,2000.0,0.0
AccountId_1828,3,5583.333333333333,3875.6719847444947,2750.0,10000.0,7250.0
AccountId_183,1,1000.0,0.0,1000.0,1000.0,0.0
AccountId_1830,50,11798.0,7308.772754961906,500.0,31200.0,30700.0
AccountId_1832,3,10000.0,0.0,10000.0,10000.0,0.0
AccountId_1833,4,10175.0,349.99999999999983,10000.0,10700.0,700.0
AccountId_1835,1,10000.0,0.0,10000.0,10000.0,0.0
AccountId_1836,1,1000.0,0.0,1000.0,1000.0,0.0
AccountId_1839,20,10000.0,1622.2142113076254,5000.0,15000.0,10000.0
AccountId_184,2,1050.0,70.71067811865476,1000.0,1100.0,100.0
AccountId_1840,3,8666.666666666666,2309.4010767585028,6000.0,10000.0,4000.0
AccountId_1841,3,10000.0,0.0,10000.0,10000.0,0.0
AccountId_1842,90,2802.222222222222,1995.386689328678,500.0,5000.0,4500.0
AccountId_1848,3,8333.333333333334,2886.7513459481293,5000.0,10000.0,5000.0
AccountId_185,55,6196.527272727273,4283.092119686887,500.0,14000.0,13500.0
AccountId_1852,4,10000.0,0.0,10000.0,10000.0,0.0
AccountId_1853,1,1000.0,0.0,1000.0,1000.0,0.0
AccountId_1854,1,10000.0,0.0,10000.0,10000.0,0.0
AccountId_1855,9,2111.1111111111113,1691.48192751537,1000.0,5000.0,4000.0
AccountId_1856,12,1175.0,683.7397165588671,500.0,2000.0,1500.0
AccountId_1858,6,9333.333333333334,4676.180777800048,2000.0,14000.0,12000.0
AccountId_186,9,9111.111111111111,2088.3273476902777,5000.0,11000.0,6000.0
AccountId_1860,9,2500.0,3517.811819867572,500.0,10000.0,9500.0
AccountId_1861,1,2000.0,0.0,2000.0,2000.0,0.0
AccountId_1863,2,1000.0,0.0,1000.0,1000.0,0.0
AccountId_1865,3,10000.0,0.0,10000.0,10000.0,0.0
AccountId_1867,15,9666.666666666666,1290.9944487358055,5000.0,10000.0,5000.0
AccountId_1868,2,2000.0,0.0,2000.0,2000.0,0.0
AccountId_1869,8,10000.0,0.0,10000.0,10000.0,0.0
AccountId_1870,5,1880.0,164.31676725154983,1700.0,2000.0,300.0
AccountId_1872,8,3125.0,3324.6911779248653,500.0,10000.0,9500.0
AccountId_1873,67,354835.82089552237,950035.0009025172,1000.0,5000000.0,4999000.0
AccountId_1874,13,10600.076923076924,24205.015941816477,800.0,90000.0,89200.0
AccountId_1875,1,500.0,0.0,500.0,500.0,0.0
AccountId_1876,3,10000.0,0.0,10000.0,10000.0,0.0
AccountId_1879,6,4000.0,4647.580015448901,1000.0,10000.0,9000.0
AccountId_188,1,2000.0,0.0,2000.0,2000.0,0.0
AccountId_1880,12,13833.333333333334,6793.49064557501,8000.0,28000.0,20000.0
AccountId_1882,1,1000.0,0.0,1000.0,1000.0,0.0
AccountId_1883,50,986.0,496.11140947598136,500.0,2000.0,1500.0
AccountId_1884,3,8666.666666666666,2309.4010767585028,6000.0,10000.0,4000.0
AccountId_1886,4,12750.0,4856.267428111155,10000.0,20000.0,10000.0
AccountId_1887,1,1000.0,0.0,1000.0,1000.0,0.0
AccountId_1888,4,750.0,288.67513459481285,500.0,1000.0,500.0
AccountId_1889,1,1000.0,0.0,1000.0,1000.0,0.0
AccountId_1890,17,923.5294117647059,678.7206823914256,100.0,2500.0,2400.0
AccountId_1892,1,500.0,0.0,500.0,500.0,0.0
AccountId_1893,7,16785.714285714286,36772.79014758189,1000.0,100000.0,99000.0
AccountId_1894,42,9247.619047619048,3038.311316539782,500.0,19900.0,19400.0
AccountId_1895,15,5066.666666666667,4431.489054267791,1000.0,11000.0,10000.0
AccountId_1896,3,8400.0,2771.2812921102036,5200.0,10000.0,4800.0
AccountId_1897,2,755.0,360.62445840513925,500.0,1010.0,510.0
AccountId_1898,3,1019333.3333333334,1542945.6676543516,78000.0,2800000.0,2722000.0
AccountId_19,70,12210.414285714285,25763.68667610908,500.0,137000.0,136500.0
AccountId_190,7,2285.714285714286,1897.743020387263,700.0,5000.0,4300.0
AccountId_1900,9,2802.222222222222,3216.29358803646,500.0,10000.0,9500.0
AccountId_1901,3,2000.0,1000.0,1000.0,3000.0,2000.0
AccountId_1902,4,500.0,0.0,500.0,500.0,0.0
AccountId_1903,11,2045.4545454545455,2715.2766475494304,500.0,10000.0,9500.0
AccountId_1904,14,9678.57142857143,23290.479354694024,1000.0,90000.0,89000.0
AccountId_1905,4,6625.0,4308.421984903522,1000.0,10000.0,9000.0
AccountId_1906,1,1000.0,0.0,1000.0,1000.0,0.0
AccountId_1907,135,5784.874074074074,11738.735876429013,500.0,70000.0,69500.0
AccountId_1908,4,9000.0,2000.0,6000.0,10000.0,4000.0
AccountId_1909,9,1455555.5555555555,2013772.027260727,100000.0,5000000.0,4900000.0
AccountId_191,2,10000.0,0.0,10000.0,10000.0,0.0
AccountId_1911,1,10000.0,0.0,10000.0,10000.0,0.0
AccountId_1912,41,4978.048780487805,4390.587215573901,500.0,12000.0,11500.0
AccountId_1913,4,500.0,0.0,500.0,500.0,0.0
AccountId_1914,83,1869.879518072289,1781.458359812574,500.0,12000.0,11500.0
AccountId_1915,1,10000.0,0.0,10000.0,10000.0,0.0
AccountId_1916,6,8500.0,2345.207879911715,5000.0,10000.0,5000.0
AccountId_1917,7,1071.4285714285713,1096.5313275875671,500.0,3500.0,3000.0
AccountId_1919,5,9200.0,1788.8543819998317,6000.0,10000.0,4000.0
AccountId_192,114,11400.868421052632,11504.398910515414,500.0,50000.0,49500.0
AccountId_1921,19,6631.578947368421,3932.917016326424,1000.0,11000.0,10000.0
AccountId_1923,1,1000.0,0.0,1000.0,1000.0,0.0
AccountId_1927,15,2976.6666666666665,2355.227215810661,1000.0,10000.0,9000.0
AccountId_1928,3,7066.666666666667,5080.682368868706,1200.0,10000.0,8800.0
AccountId_1929,10,3275.0,4052.519792260942,500.0,10000.0,9500.0
AccountId_193,1,1000.0,0.0,1000.0,1000.0,0.0
AccountId_1930,74,7356.905405405405,17578.55304888031,500.0,98000.0,97500.0
AccountId_1931,11,66363.63636363637,34719.656470860216,10000.0,100000.0,90000.0
AccountId_1932,6,3166.6666666666665,2065.591117977289,500.0,5000.0,4500.0
AccountId_1933,2,7500.0,3535.5339059327375,5000.0,10000.0,5000.0
AccountId_1934,3,8666.666666666666,2309.4010767585028,6000.0,10000.0,4000.0
AccountId_1935,24,14298.333333333334,22631.095895896764,500.0,100000.0,99500.0
AccountId_1936,3,8666.666666666666,2309.4010767585028,6000.0,10000.0,4000.0
AccountId_1938,9,5733.333333333333,7397.127820985656,500.0,20000.0,19500.0
AccountId_1939,1,1000.0,0.0,1000.0,1000.0,0.0
AccountId_194,3,8666.666666666666,2309.4010767585028,6000.0,10000.0,4000.0
AccountId_1940,2,7500.0,3535.5339059327375,5000.0,10000.0,5000.0
AccountId_1941,1,5000.0,0.0,5000.0,5000.0,0.0
AccountId_1942,2,7500.0,3535.5339059327375,5000.0,10000.0,5000.0
AccountId_1944,5,9200.0,1788.8543819998317,6000.0,10000.0,4000.0
AccountId_1946,4,875.0,478.713553878169,500.0,1500.0,1000.0
AccountId_1947,2,1750.0,70.71067811865476,1700.0,1800.0,100.0
AccountId_1948,1,500.0,0.0,500.0,500.0,0.0
AccountId_1949,40,3258.75,4809.830844885322,1000.0,20000.0,19000.0
AccountId_195,4,6500.0,2380.4761428476168,5000.0,10000.0,5000.0
AccountId_1950,1,80000.0,0.0,80000.0,80000.0,0.0
AccountId_1951,3,10000.0,0.0,10000.0,10000.0,0.0
AccountId_1952,2,5875.0,5833.630944789017,1750.0,10000.0,8250.0
AccountId_1953,1,20000.0,0.0,20000.0,20000.0,0.0
AccountId_1954,27,3585.185185185185,5952.679015736316,500.0,20000.0,19500.0
AccountId_1955,270,4217.951851851852,8728.463857400153,500.0,46000.0,45500.0
AccountId_1958,4,6500.0,4358.898943540674,1000.0,10000.0,9000.0
AccountId_1959,47,133727.6595744681,178552.31568284877,2200.0,800000.0,797800.0
AccountId_1961,1,5000.0,0.0,5000.0,5000.0,0.0
AccountId_1962,1,2000.0,0.0,2000.0,2000.0,0.0
AccountId_1964,3,36666.666666666664,54848.27557301444,5000.0,100000.0,95000.0
AccountId_1965,15,3157.6666666666665,3116.033918453453,500.0,10000.0,9500.0
AccountId_1966,1,1000.0,0.0,1000.0,1000.0,0.0
AccountId_1967,2,1000.0,0.0,1000.0,1000.0,0.0
AccountId_1968,16,12275.0,4691.48164229596,6400.0,20000.0,13600.0
AccountId_197,15,9432.333333333334,9537.881403470408,2000.0,35500.0,33500.0
AccountId_1970,1,500.0,0.0,500.0,500.0,0.0
AccountId_1971,6,183333.33333333334,8164.965809277261,180000.0,200000.0,20000.0
AccountId_1973,6,8500.0,2345.207879911715,5000.0,10000.0,5000.0
AccountId_1974,4,1175.0,567.8908345800273,700.0,2000.0,1300.0
AccountId_1976,6,9166.666666666666,2041.241452319315,5000.0,10000.0,5000.0
AccountId_1977,1,5000.0,0.0,5000.0,5000.0,0.0
AccountId_1978,8,19162.5,19724.092410769408,3300.0,50000.0,46700.0
AccountId_1979,4,625.0,250.0,500.0,1000.0,500.0
AccountId_198,2,501000.0,705692.5676241744,2000.0,1000000.0,998000.0
AccountId_1980,3,7333.333333333333,4618.802153517006,2000.0,10000.0,8000.0
AccountId_1981,1,500.0,0.0,500.0,500.0,0.0
AccountId_1984,6,1250.0,418.33001326703777,1000.0,2000.0,1000.0
AccountId_1986,4,7500.0,5744.562646538028,1000.0,15000.0,14000.0
AccountId_1988,1,1100.0,0.0,1100.0,1100.0,0.0
AccountId_199,3,203000.0,168008.9283341811,9000.0,300000.0,291000.0
AccountId_1990,2,52500.0,67175.14421272202,5000.0,100000.0,95000.0
AccountId_1991,1,1000.0,0.0,1000.0,1000.0,0.0
AccountId_1993,3,8666.666666666666,2309.4010767585028,6000.0,10000.0,4000.0
AccountId_1995,14,13557.142857142857,6523.886794013129,6000.0,30000.0,24000.0
AccountId_1997,2,1625.0,883.8834764831844,1000.0,2250.0,1250.0
AccountId_1998,1,500.0,0.0,500.0,500.0,0.0
AccountId_1999,1,50000.0,0.0,50000.0,50000.0,0.0
AccountId_2,2,35000.0,0.0,35000.0,35000.0,0.0
AccountId_20,22,6272.727272727273,5953.644887452345,1000.0,20000.0,19000.0
AccountId_200,6,2166.6666666666665,1861.8986725025254,500.0,5000.0,4500.0
AccountId_2001,4,15000.0,7071.067811865475,10000.0,25000.0,15000.0
AccountId_2002,10,9265.0,5075.214828512736,5000.0,20000.0,15000.0
AccountId_2003,11,1727.2727272727273,904.5340337332908,1000.0,4000.0,3000.0
AccountId_2004,12,9708.333333333334,1356.102928068202,5500.0,11000.0,5500.0
AccountId_2005,3,2333.3333333333335,2309.401076758503,1000.0,5000.0,4000.0
AccountId_2006,1,2000.0,0.0,2000.0,2000.0,0.0
AccountId_2007,13,1538.4615384615386,1547.3302069147262,500.0,5000.0,4500.0
AccountId_2008,3,1333.3333333333333,577.3502691896257,1000.0,2000.0,1000.0
AccountId_2009,5,13000.0,6708.203932499369,5000.0,20000.0,15000.0
AccountId_201,3,7333.333333333333,10969.65511460289,1000.0,20000.0,19000.0
AccountId_2010,1,1000.0,0.0,1000.0,1000.0,0.0
AccountId_2013,22,12509.545454545454,4804.204980830387,5200.0,20010.0,14810.0
AccountId_2014,1,5000.0,0.0,5000.0,5000.0,0.0
AccountId_2015,29,4241.379310344828,11037.776601982436,1000.0,60000.0,59000.0
AccountId_2016,86,13721.511627906977,25584.26076447332,500.0,156000.0,155500.0
AccountId_2018,9,13444.444444444445,4927.248499698161,10000.0,20000.0,10000.0
AccountId_2019,14,500.0,0.0,500.0,500.0,0.0
AccountId_202,2,8000.0,2828.42712474619,6000.0,10000.0,4000.0
AccountId_2021,8,906.0,561.2353720651817,500.0,2000.0,1500.0
AccountId_2022,2,17000.0,22627.41699796952,1000.0,33000.0,32000.0
AccountId_2023,24,2233.3333333333335,2252.084380739544,500.0,6000.0,5500.0
AccountId_2024,25,8624.0,2252.6428922490136,5000.0,10000.0,5000.0
AccountId_2025,3,1433.3333333333333,513.1601439446883,1000.0,2000.0,1000.0
AccountId_2026,50,10114.0,2351.0319054424085,1000.0,20700.0,19700.0
AccountId_2027,2,500.0,0.0,500.0,500.0,0.0
AccountId_203,1,2000.0,0.0,2000.0,2000.0,0.0
AccountId_2030,3,8666.666666666666,2309.4010767585028,6000.0,10000.0,4000.0
AccountId_2031,2,26500.0,33234.018715767736,3000.0,50000.0,47000.0
AccountId_2032,20,13300.0,4691.537734665412,10000.0,20000.0,10000.0
AccountId_2033,3,6333.333333333333,9237.604307034013,1000.0,17000.0,16000.0
AccountId_2034,6,11000.0,4690.41575982343,6000.0,20000.0,14000.0
AccountId_2035,1,2500.0,0.0,2500.0,2500.0,0.0
AccountId_2036,9,10188.888888888889,566.6666666666667,10000.0,11700.0,1700.0
AccountId_2037,6,10000.0,0.0,10000.0,10000.0,0.0
AccountId_2039,5,8000.0,5522.68050859363,1000.0,15000.0,14000.0
AccountId_204,13,6061.538461538462,3295.0818051399124,1000.0,10000.0,9000.0
AccountId_2040,18,1638.888888888889,2350.2537757564646,500.0,9000.0,8500.0
AccountId_2041,2,1000.0,0.0,1000.0,1000.0,0.0
AccountId_2042,1,1000.0,0.0,1000.0,1000.0,0.0
AccountId_2043,48,369686.9166666667,1263096.9273294336,500.0,8600000.0,8599500.0
AccountId_2044,42,5050.0,6029.571436455254,500.0,16000.0,15500.0
AccountId_2045,5,2600.0,1557.2411502397438,1000.0,5000.0,4000.0
AccountId_2049,1,1000.0,0.0,1000.0,1000.0,0.0
AccountId_205,10,1900.0,1220.2003478482086,500.0,5000.0,4500.0
AccountId_2051,11,1011.8181818181819,698.9537635898126,500.0,3000.0,2500.0
AccountId_2052,2,25500.0,34648.23227814083,1000.0,50000.0,49000.0
AccountId_2053,1,12000.0,0.0,12000.0,12000.0,0.0
AccountId_2054,16,3400.0,2066.2365143742218,500.0,5000.0,4500.0
AccountId_2055,1,500.0,0.0,500.0,500.0,0.0
AccountId_2056,215,3910.381395348837,6847.895707457365,500.0,50000.0,49500.0
AccountId_2058,6,916.6666666666666,204.12414523193152,500.0,1000.0,500.0
AccountId_2059,3,8666.666666666666,2309.4010767585028,6000.0,10000.0,4000.0
AccountId_206,38,10555.263157894737,6510.957909697253,1000.0,20000.0,19000.0
AccountId_2060,4,1750.0,957.427107756338,1000.0,3000.0,2000.0
AccountId_2061,1,1000.0,0.0,1000.0,1000.0,0.0
AccountId_2064,2,900.0,141.4213562373095,800.0,1000.0,200.0
AccountId_2065,21,7190.476190476191,3689.4314957598494,500.0,11000.0,10500.0
AccountId_2066,2,10250.0,13788.582233137677,500.0,20000.0,19500.0
AccountId_2067,2,750.0,353.5533905932738,500.0,1000.0,500.0
AccountId_207,8,1077.5,449.1817958402652,500.0,2100.0,1600.0
AccountId_2070,8,6375.0,4033.343171967536,1000.0,10000.0,9000.0
AccountId_2073,181,3527.232044198895,6584.224924542559,500.0,47000.0,46500.0
AccountId_2076,1,10000.0,0.0,10000.0,10000.0,0.0
AccountId_2077,4,6500.0,4358.898943540674,1000.0,10000.0,9000.0
AccountId_2078,3,733.3333333333334,57.73502691896259,700.0,800.0,100.0
AccountId_208,1,3000.0,0.0,3000.0,3000.0,0.0
AccountId_2080,1,5000.0,0.0,5000.0,5000.0,0.0
AccountId_2083,2,40000.0,0.0,40000.0,40000.0,0.0
AccountId_2084,1,10000.0,0.0,10000.0,10000.0,0.0
AccountId_2085,1,5000.0,0.0,5000.0,5000.0,0.0
AccountId_2086,66,5709.560606060606,4166.890979463217,500.0,11000.0,10500.0
AccountId_2087,3,10000.0,0.0,10000.0,10000.0,0.0
AccountId_2088,1,1000.0,0.0,1000.0,1000.0,0.0
AccountId_2089,1,5000.0,0.0,5000.0,5000.0,0.0
AccountId_209,5,5200.0,4751.31560728184,500.0,10000.0,9500.0
AccountId_2090,4,1000.0,0.0,1000.0,1000.0,0.0
AccountId_2091,2,15000.0,0.0,15000.0,15000.0,0.0
AccountId_2092,2,140250.0,197636.34534164003,500.0,280000.0,279500.0
AccountId_2093,4,4500.0,1000.0,3000.0,5000.0,2000.0
AccountId_2096,4,33750.0,30923.292192132456,15000.0,80000.0,65000.0
AccountId_2098,1,1500.0,0.0,1500.0,1500.0,0.0
AccountId_2099,4,6500.0,4358.898943540674,1000.0,10000.0,9000.0
AccountId_21,5,38800.0,37619.14406256474,12000.0,100000.0,88000.0
AccountId_210,2,3000.0,2828.42712474619,1000.0,5000.0,4000.0
AccountId_2100,3,2333.3333333333335,1154.7005383792514,1000.0,3000.0,2000.0
AccountId_2101,6,8500.0,2738.6127875258308,5000.0,11000.0,6000.0
AccountId_2103,10,7600.0,3272.783388968954,2000.0,10000.0,8000.0
AccountId_2107,1,1000.0,0.0,1000.0,1000.0,0.0
AccountId_2108,3,10000.0,0.0,10000.0,10000.0,0.0
AccountId_2109,11,909.0909090909091,583.8742081211423,500.0,2000.0,1500.0
AccountId_211,1,1000.0,0.0,1000.0,1000.0,0.0
AccountId_2110,7,2085.714285714286,3937.18536157857,500.0,11000.0,10500.0
AccountId_2114,20,1835.0,1009.0511436623597,500.0,5000.0,4500.0
AccountId_2115,9,2838.8888888888887,1764.0113693259211,500.0,5250.0,4750.0
AccountId_2117,1,1000.0,0.0,1000.0,1000.0,0.0
AccountId_2118,3,1333.3333333333333,577.3502691896257,1000.0,2000.0,1000.0
AccountId_2120,1,20000.0,0.0,20000.0,20000.0,0.0
AccountId_2121,1,1000.0,0.0,1000.0,1000.0,0.0
AccountId_2122,4,1000.0,0.0,1000.0,1000.0,0.0
AccountId_2123,318,5585.1509433962265,31428.462892240565,500.0,508000.0,507500.0
AccountId_2124,56,3000.0,3621.903065817999,500.0,10000.0,9500.0
AccountId_2125,10,3000.0,3162.2776601683795,500.0,10000.0,9500.0
AccountId_2126,80,2536.25,3004.1003097243733,500.0,14000.0,13500.0
AccountId_2127,1,10000.0,0.0,10000.0,10000.0,0.0
AccountId_2129,1,1000.0,0.0,1000.0,1000.0,0.0
AccountId_2130,8,25700.0,33682.21234674808,600.0,100000.0,99400.0
AccountId_2131,1,500.0,0.0,500.0,500.0,0.0
AccountId_2132,10,9100.0,5526.702854726717,4000.0,16000.0,12000.0
AccountId_2133,2,7500.0,3535.5339059327375,5000.0,10000.0,5000.0
AccountId_2134,6,7666.666666666667,3829.708431025352,1000.0,10000.0,9000.0
AccountId_2136,1,1000.0,0.0,1000.0,1000.0,0.0
AccountId_2138,2,7500.0,3535.5339059327375,5000.0,10000.0,5000.0
AccountId_2139,97,1899.5876288659795,1235.2866717940526,500.0,9000.0,8500.0
AccountId_2140,5,1400.0,547.7225575051662,1000.0,2000.0,1000.0
AccountId_2141,66,2313.6363636363635,2854.679632497455,500.0,10000.0,9500.0
AccountId_2143,19,2390.842105263158,2645.2136494926053,500.0,10008.0,9508.0
AccountId_2144,5,6200.0,3834.0579025361626,1000.0,10000.0,9000.0
AccountId_2145,9,6777.777777777777,3953.725388092153,1000.0,10000.0,9000.0
AccountId_2147,6,1833.3333333333333,408.248290463863,1000.0,2000.0,1000.0
AccountId_2149,3,35333.333333333336,29838.453936712827,1000.0,55000.0,54000.0
AccountId_215,11,2209.090909090909,1375.1033019046572,500.0,4000.0,3500.0
AccountId_2150,3,14166.666666666666,23239.693055919077,500.0,41000.0,40500.0
AccountId_2151,1,50000.0,0.0,50000.0,50000.0,0.0
AccountId_2152,2,750.0,353.5533905932738,500.0,1000.0,500.0
AccountId_2153,1,500.0,0.0,500.0,500.0,0.0
AccountId_2154,1,1000.0,0.0,1000.0,1000.0,0.0
AccountId_2155,3,8666.666666666666,2309.4010767585028,6000.0,10000.0,4000.0
AccountId_2156,1,40000.0,0.0,40000.0,40000.0,0.0
AccountId_2157,14,14400.0,29086.264270799187,500.0,100000.0,99500.0
AccountId_2159,26,7884.615384615385,2833.0467426701325,1000.0,10000.0,9000.0
AccountId_216,1,10000.0,0.0,10000.0,10000.0,0.0
AccountId_2160,2,1500.0,707.1067811865476,1000.0,2000.0,1000.0
AccountId_2163,6,1133.3333333333333,531.6640543300502,500.0,2000.0,1500.0
AccountId_2164,1,500.0,0.0,500.0,500.0,0.0
AccountId_2165,7,1871.4285714285713,1454.5495129813512,1000.0,5000.0,4000.0
AccountId_2166,2,10000.0,0.0,10000.0,10000.0,0.0
AccountId_2168,37,3317.6216216216217,7389.641726961656,500.0,45700.0,45200.0
AccountId_217,16,3040.625,3958.1653473126494,500.0,15000.0,14500.0
AccountId_2170,7,18571.428571428572,16681.89780228,5000.0,50000.0,45000.0
AccountId_2172,1,1000.0,0.0,1000.0,1000.0,0.0
AccountId_2173,5,4900.0,3391.902121229326,500.0,10000.0,9500.0
AccountId_2175,4,12500.0,5000.0,10000.0,20000.0,10000.0
AccountId_2177,2,71800.0,99277.79207859127,1600.0,142000.0,140400.0
AccountId_218,2,5600.0,6222.539674441618,1200.0,10000.0,8800.0
AccountId_2180,2,15500.0,13435.028842544403,6000.0,25000.0,19000.0
AccountId_2181,100,4231.0,6507.877045270879,500.0,30000.0,29500.0
AccountId_2182,8,12712.5,4536.026423455413,10000.0,20000.0,10000.0
AccountId_2184,1,10000.0,0.0,10000.0,10000.0,0.0
AccountId_2185,4,12500.0,5000.0,10000.0,20000.0,10000.0
AccountId_2187,3,351666.6666666667,548482.7557301444,35000.0,985000.0,950000.0
AccountId_2188,45,3400.0,5175.993536598465,500.0,19000.0,18500.0
AccountId_2189,2,700.0,282.842712474619,500.0,900.0,400.0
AccountId_219,19,2657.684210526316,2701.855269021056,500.0,10000.0,9500.0
AccountId_2190,2,2500.0,2121.3203435596424,1000.0,4000.0,3000.0
AccountId_2191,12,1916.6666666666667,2618.40802894824,500.0,10000.0,9500.0
AccountId_2192,3,10333.333333333334,577.3502691896255,10000.0,11000.0,1000.0
AccountId_2193,8,2875.0,1977.5525999867325,500.0,5000.0,4500.0
AccountId_2194,8,937.5,495.5156044825574,500.0,2000.0,1500.0
AccountId_2195,8,12587.5,4581.464987159831,10000.0,20000.0,10000.0
AccountId_2196,46,5801.739130434783,8850.363785203115,500.0,33500.0,33000.0
AccountId_2197,8,8875.0,2100.170061141308,5000.0,10000.0,5000.0
AccountId_2198,89,1655.056179775281,1513.4256172936596,500.0,8000.0,7500.0
AccountId_22,2,27500.0,31819.80515339464,5000.0,50000.0,45000.0
AccountId_220,5,500.0,0.0,500.0,500.0,0.0
AccountId_2200,29,4341.379310344828,11864.909765516228,500.0,60000.0,59500.0
AccountId_2201,1,1000.0,0.0,1000.0,1000.0,0.0
AccountId_2203,296,2406.0810810810813,5122.489150646228,500.0,35000.0,34500.0
AccountId_2204,1,500.0,0.0,500.0,500.0,0.0
AccountId_2205,5,9200.0,1788.8543819998317,6000.0,10000.0,4000.0
AccountId_2206,10,3050.0,3685.180532288148,1000.0,10000.0,9000.0
AccountId_2207,2,1500.0,707.1067811865476,1000.0,2000.0,1000.0
AccountId_2208,7,10142.857142857143,3184.785258515422,5000.0,16000.0,11000.0
AccountId_2209,3,10000.0,0.0,10000.0,10000.0,0.0
AccountId_221,1,500.0,0.0,500.0,500.0,0.0
AccountId_2210,1,500.0,0.0,500.0,500.0,0.0
AccountId_2212,1,2000.0,0.0,2000.0,2000.0,0.0
AccountId_2214,10,5030.0,4793.525726319708,1400.0,15000.0,13600.0
AccountId_2215,1,1000.0,0.0,1000.0,1000.0,0.0
AccountId_2216,1,2000.0,0.0,2000.0,2000.0,0.0
AccountId_2217,3,8666.666666666666,2309.4010767585028,6000.0,10000.0,4000.0
AccountId_2218,1,10000.0,0.0,10000.0,10000.0,0.0
AccountId_222,3,10000.0,0.0,10000.0,10000.0,0.0
AccountId_2220,3,55000.0,43301.270189221934,5000.0,80000.0,75000.0
AccountId_2221,1,1000.0,0.0,1000.0,1000.0,0.0
AccountId_2222,16,1980.3125,2379.07577905791,500.0,10000.0,9500.0
AccountId_2223,4,5045.0,4186.657377909017,1180.0,10000.0,8820.0
AccountId_2224,2,5750.0,6010.407640085654,1500.0,10000.0,8500.0
AccountId_2225,1,82000.0,0.0,82000.0,82000.0,0.0
AccountId_2226,4,12500.0,5000.0,10000.0,20000.0,10000.0
AccountId_2227,3,8666.666666666666,2309.4010767585028,6000.0,10000.0,4000.0
AccountId_2228,3,2333.3333333333335,763.7626158259733,1500.0,3000.0,1500.0
AccountId_2229,6,9450.0,8646.733487277146,1350.0,18000.0,16650.0
AccountId_223,3,10000.0,0.0,10000.0,10000.0,0.0
AccountId_2230,12,983.1666666666666,643.787914446892,144.0,1800.0,1656.0
AccountId_2231,118,5479.78813559322,4931.2772601292945,500.0,20000.0,19500.0
AccountId_2232,7,571.4285714285714,188.9822365046136,500.0,1000.0,500.0
AccountId_2233,1,1500.0,0.0,1500.0,1500.0,0.0
AccountId_2235,43,1173.4883720930231,939.1000852410077,500.0,5000.0,4500.0
AccountId_2236,1,500.0,0.0,500.0,500.0,0.0
AccountId_2237,230,5327.973913043478,6493.209271662565,500.0,50000.0,49500.0
AccountId_2239,26,2653.846153846154,5336.233186001584,500.0,25000.0,24500.0
AccountId_2240,2,1000.0,0.0,1000.0,1000.0,0.0
AccountId_2241,4,11500.0,5972.157622389639,6000.0,20000.0,14000.0
AccountId_2242,7,1137.857142857143,452.25230000204846,500.0,2000.0,1500.0
AccountId_2243,1,1000.0,0.0,1000.0,1000.0,0.0
AccountId_2244,3,105166.66666666667,168745.61722703595,5500.0,300000.0,294500.0
AccountId_2247,38,2992.1052631578946,2742.0037631755445,500.0,10500.0,10000.0
AccountId_225,24,8008.333333333333,3110.559388622073,500.0,10000.0,9500.0
AccountId_2250,74,16293.081081081082,24537.361360612536,500.0,115000.0,114500.0
AccountId_2251,5,1200.0,758.287544405155,500.0,2000.0,1500.0
AccountId_2252,5,9200.0,1788.8543819998317,6000.0,10000.0,4000.0
AccountId_2253,12,4908.333333333333,4551.015537684136,500.0,10000.0,9500.0
AccountId_2254,1,2500.0,0.0,2500.0,2500.0,0.0
AccountId_2255,1,80000.0,0.0,80000.0,80000.0,0.0
AccountId_2256,3,1500.0,500.0,1000.0,2000.0,1000.0
AccountId_2257,2,500.0,0.0,500.0,500.0,0.0
AccountId_2258,5,9200.0,2387.4672772626645,5000.0,11000.0,6000.0
AccountId_2259,3,2833.3333333333335,2020.7259421636902,1000.0,5000.0,4000.0
AccountId_226,16,7875.0,2986.0788111948195,1000.0,10000.0,9000.0
AccountId_2260,16,12071.5625,19033.549477939385,600.0,50000.0,49400.0
AccountId_2261,3,33500.0,28578.838324886474,500.0,50000.0,49500.0
AccountId_2262,29,670.6896551724138,358.94618612268283,500.0,2000.0,1500.0
AccountId_2263,16,1862.5,1508.58653491715,800.0,5000.0,4200.0
AccountId_2264,7,7285.714285714285,3638.4193323605846,1000.0,10000.0,9000.0
AccountId_2265,4,4000.0,4527.692569068708,500.0,10000.0,9500.0
AccountId_2266,7,8714.285714285714,2214.669705568283,5000.0,10000.0,5000.0
AccountId_2268,5,10000.0,0.0,10000.0,10000.0,0.0
AccountId_2269,10,4600.0,3998.610869900807,1000.0,10000.0,9000.0
AccountId_227,5,8160.0,4077.744474583958,1000.0,11000.0,10000.0
AccountId_2270,49,16734.69387755102,13280.272823195442,5000.0,80000.0,75000.0
AccountId_2271,1,1000.0,0.0,1000.0,1000.0,0.0
AccountId_2272,8,12587.5,4581.464987159831,10000.0,20000.0,10000.0
AccountId_2273,2,1000.0,0.0,1000.0,1000.0,0.0
AccountId_2274,3,8666.666666666666,2309.4010767585028,6000.0,10000.0,4000.0
AccountId_2276,17,8294.117647058823,2391.7751222249385,5000.0,10000.0,5000.0
AccountId_2277,1,1000.0,0.0,1000.0,1000.0,0.0
AccountId_2278,4,3000.0,2309.401076758503,1000.0,5000.0,4000.0
AccountId_2280,4,1500.0,1000.0,1000.0,3000.0,2000.0
AccountId_2281,1,1000.0,0.0,1000.0,1000.0,0.0
AccountId_2283,141,1567.659574468085,2408.440704302229,500.0,20000.0,19500.0
AccountId_2284,31,1340.0,1744.4478591615552,500.0,10000.0,9500.0
AccountId_2285,1,500.0,0.0,500.0,500.0,0.0
AccountId_2287,4,9550.0,3387.722932393773,5000.0,13200.0,8200.0
AccountId_2288,15,5733.333333333333,4431.48905426779,1000.0,11000.0,10000.0
AccountId_2289,1,500000.0,0.0,500000.0,500000.0,0.0
AccountId_2290,18,7000.0,3678.2348707914075,1000.0,10000.0,9000.0
AccountId_2291,1,160000.0,0.0,160000.0,160000.0,0.0
AccountId_2292,82,2157.317073170732,4484.734890049343,500.0,30000.0,29500.0
AccountId_2293,3,1514.0,500.5876546619982,1000.0,2000.0,1000.0
AccountId_2294,2,750.0,353.5533905932738,500.0,1000.0,500.0
AccountId_2295,8,1018.75,837.4866736679626,500.0,3000.0,2500.0
AccountId_2296,105,6902.457142857143,15191.208518434256,120.0,100000.0,99880.0
AccountId_2298,1,500.0,0.0,500.0,500.0,0.0
AccountId_2299,2,7500.0,3535.5339059327375,5000.0,10000.0,5000.0
AccountId_2303,1,1000.0,0.0,1000.0,1000.0,0.0
AccountId_2305,1,500.0,0.0,500.0,500.0,0.0
AccountId_2306,3,10000.0,0.0,10000.0,10000.0,0.0
AccountId_2308,2,20000.0,21213.203435596424,5000.0,35000.0,30000.0
AccountId_2309,2,2500.0,707.1067811865476,2000.0,3000.0,1000.0
AccountId_231,113,2611.9469026548672,2718.9256867396425,500.0,10000.0,9500.0
AccountId_2310,1,20000.0,0.0,20000.0,20000.0,0.0
AccountId_2313,2,3375.0,2298.0970388562796,1750.0,5000.0,3250.0
AccountId_2314,356,3636.929775280899,6285.474403475422,500.0,50000.0,49500.0
AccountId_2316,1,10000.0,0.0,10000.0,10000.0,0.0
AccountId_2317,2,1000000.0,0.0,1000000.0,1000000.0,0.0
AccountId_2318,1,1000.0,0.0,1000.0,1000.0,0.0
AccountId_2319,6,8500.0,2738.6127875258308,5000.0,11000.0,6000.0
AccountId_232,1,500.0,0.0,500.0,500.0,0.0
AccountId_2320,2,13000.0,4242.640687119285,10000.0,16000.0,6000.0
AccountId_2321,12,1041.6666666666667,752.5210155124432,500.0,3000.0,2500.0
AccountId_2322,5,12800.0,11144.505372604026,4000.0,25000.0,21000.0
AccountId_2323,8,9500.0,1851.640199545103,5000.0,11000.0,6000.0
AccountId_2324,17,3892.3529411764707,2434.798578455117,1000.0,10000.0,9000.0
AccountId_2325,34,11197.058823529413,51190.01136759608,700.0,300000.0,299300.0
AccountId_2326,2,2500.0,707.1067811865476,2000.0,3000.0,1000.0
AccountId_2327,1,1000.0,0.0,1000.0,1000.0,0.0
AccountId_2328,1,1000.0,0.0,1000.0,1000.0,0.0
AccountId_2329,53,3586.490566037736,4507.04359702524,500.0,20000.0,19500.0
AccountId_233,9,2111.1111111111113,2546.784464989354,500.0,7000.0,6500.0
AccountId_2331,18,4788.888888888889,4312.347373447673,600.0,10000.0,9400.0
AccountId_2332,12,4250.0,6297.546419764677,1000.0,20000.0,19000.0
AccountId_2333,11,11827.272727272728,6708.813741503174,1000.0,18500.0,17500.0
AccountId_2334,11,5068.181818181818,10115.638208419494,1000.0,34500.0,33500.0
AccountId_2335,20,3280.0,3454.1508210755424,600.0,14000.0,13400.0
AccountId_2336,1,15080.0,0.0,15080.0,15080.0,0.0
AccountId_2338,32,12656.28125,8888.581726681437,10000.0,55000.0,45000.0
AccountId_2339,1,500.0,0.0,500.0,500.0,0.0
AccountId_234,9,9555.555555555555,1740.051084818425,5000.0,11000.0,6000.0
AccountId_2341,9,8444.444444444445,2351.1226632776475,5000.0,10000.0,5000.0
AccountId_2342,6,8333.333333333334,2581.9888974716114,5000.0,10000.0,5000.0
AccountId_2343,6,10000.0,0.0,10000.0,10000.0,0.0
AccountId_2344,4,7500.0,2886.7513459481293,5000.0,10000.0,5000.0
AccountId_2345,3,10000.0,0.0,10000.0,10000.0,0.0
AccountId_2346,4,11625.0,5822.012824902856,6500.0,20000.0,13500.0
AccountId_2347,7,2214.285714285714,1629.3440105643451,1000.0,5000.0,4000.0
AccountId_2349,4,15000.0,5773.502691896258,10000.0,20000.0,10000.0
AccountId_235,14,9764.285714285714,1099.3754470727338,6000.0,10700.0,4700.0
AccountId_2352,1,500.0,0.0,500.0,500.0,0.0
AccountId_2354,1,5000.0,0.0,5000.0,5000.0,0.0
AccountId_2356,1,1000.0,0.0,1000.0,1000.0,0.0
AccountId_2357,38,2005.2631578947369,2199.133412668291,500.0,10000.0,9500.0
AccountId_2358,19,2105.2631578947367,2973.1154038614723,500.0,12600.0,12100.0
AccountId_2359,133,5153.007518796992,14645.40956031401,500.0,120000.0,119500.0
AccountId_236,9,7333.333333333333,4145.78098794425,500.0,10000.0,9500.0
AccountId_2360,12,12500.0,13055.824196677338,5000.0,50000.0,45000.0
AccountId_2361,11,23181.81818181818,36498.81691731441,1000.0,80000.0,79000.0
AccountId_2362,3,10333.333333333334,577.3502691896255,10000.0,11000.0,1000.0
AccountId_2363,3,8666.666666666666,2309.4010767585028,6000.0,10000.0,4000.0
AccountId_2366,9,300888.8888888889,409643.8069971413,500.0,905000.0,904500.0
AccountId_2368,33,6011.969696969697,4169.78565459941,500.0,10185.0,9685.0
AccountId_2369,6,2863.3333333333335,1928.9548119815215,580.0,5000.0,4420.0
AccountId_2371,3,10000.0,0.0,10000.0,10000.0,0.0
AccountId_2372,3,2866.6666666666665,3233.161507461904,1000.0,6600.0,5600.0
AccountId_2373,23,1104.3478260869565,653.9935090514454,500.0,2100.0,1600.0
AccountId_2374,1,20000.0,0.0,20000.0,20000.0,0.0
AccountId_2376,2,1000.0,0.0,1000.0,1000.0,0.0
AccountId_2377,1,2000.0,0.0,2000.0,2000.0,0.0
AccountId_2379,61,3312.8032786885246,5600.52678123428,500.0,23000.0,22500.0
AccountId_238,45,3150.0,13313.2410165082,500.0,90000.0,89500.0
AccountId_2380,3,8666.666666666666,2309.4010767585028,6000.0,10000.0,4000.0
AccountId_2382,1,1000.0,0.0,1000.0,1000.0,0.0
AccountId_2383,14,17978.571428571428,24568.716148525407,2700.0,100000.0,97300.0
AccountId_2384,29,1203.448275862069,872.3870203645242,500.0,5000.0,4500.0
AccountId_2385,1,1000.0,0.0,1000.0,1000.0,0.0
AccountId_2386,6,8500.0,2345.207879911715,5000.0,10000.0,5000.0
AccountId_2387,3,8333.333333333334,2886.7513459481293,5000.0,10000.0,5000.0
AccountId_2388,38,2921.0526315789475,1869.1171343765259,500.0,10000.0,9500.0
AccountId_2389,5,1200.0,447.21359549995793,1000.0,2000.0,1000.0
AccountId_2390,1,10000.0,0.0,10000.0,10000.0,0.0
AccountId_2392,2,600.0,0.0,600.0,600.0,0.0
AccountId_2393,19,8447.368421052632,5227.929101475887,1000.0,20000.0,19000.0
AccountId_2394,6,2166.6666666666665,1437.5905768565217,1000.0,5000.0,4000.0
AccountId_2395,45,2925.311111111111,3575.6072963027873,500.0,20000.0,19500.0
AccountId_2396,4,81250.0,63294.94450586081,5000.0,160000.0,155000.0
AccountId_2397,1,4000.0,0.0,4000.0,4000.0,0.0
AccountId_2398,2,12500.0,3535.5339059327375,10000.0,15000.0,5000.0
AccountId_24,5,1600.0,547.7225575051662,1000.0,2000.0,1000.0
AccountId_240,2,8000.0,2828.42712474619,6000.0,10000.0,4000.0
AccountId_2401,34,1185.2941176470588,374.2729136656075,800.0,2000.0,1200.0
AccountId_2402,125,1953.216,2122.880178284879,500.0,16000.0,15500.0
AccountId_2404,69,2715.217391304348,2020.689026847651,500.0,10000.0,9500.0
AccountId_2406,9,17232.333333333332,16884.050802458514,5200.0,58500.0,53300.0
AccountId_2408,8,20250.0,8972.17922246318,10000.0,30000.0,20000.0
AccountId_2409,3,10000.0,0.0,10000.0,10000.0,0.0
AccountId_241,1,50000.0,0.0,50000.0,50000.0,0.0
AccountId_2410,2,5000.0,0.0,5000.0,5000.0,0.0
AccountId_2411,1,14000.0,0.0,14000.0,14000.0,0.0
AccountId_2412,1,10000.0,0.0,10000.0,10000.0,0.0
AccountId_2413,9,11244.444444444445,3374.5781629379658,10000.0,20200.0,10200.0
AccountId_2414,4,6000.0,2708.0128015453197,4000.0,10000.0,6000.0
AccountId_2416,9,4444.444444444444,2792.8977385106277,500.0,10000.0,9500.0
AccountId_2417,1,80000.0,0.0,80000.0,80000.0,0.0
AccountId_2418,1,10000.0,0.0,10000.0,10000.0,0.0
AccountId_2419,6,102125.0,28826.094948848,60250.0,121000.0,60750.0
AccountId_242,15,4100.0,3275.2317257169543,1000.0,10000.0,9000.0
AccountId_2420,28,-53571.42857142857,16378.460497066511,-100000.0,-30000.0,70000.0
AccountId_2421,14,6517.857142857143,2893.0691144697707,1000.0,10000.0,9000.0
AccountId_2423,29,1436.4137931034484,732.3514728618737,600.0,3000.0,2400.0
AccountId_2424,2,2000.0,0.0,2000.0,2000.0,0.0
AccountId_2425,1,2000.0,0.0,2000.0,2000.0,0.0
AccountId_2426,1,500.0,0.0,500.0,500.0,0.0
AccountId_2428,7,3042.8571428571427,3417.531830067397,500.0,10000.0,9500.0
AccountId_2429,16,7968.75,6288.796254716265,1000.0,15000.0,14000.0
AccountId_243,1,1000.0,0.0,1000.0,1000.0,0.0
AccountId_2430,90,9752.222222222223,7018.502477645362,500.0,34000.0,33500.0
AccountId_2431,100,2664.0,3115.6016653888437,500.0,30000.0,29500.0
AccountId_2432,2,25000.0,21213.203435596424,10000.0,40000.0,30000.0
AccountId_2433,8,29875.0,21189.198730889824,2000.0,52000.0,50000.0
AccountId_2434,4,4250.0,4272.001872658766,1000.0,10000.0,9000.0
AccountId_2435,1,800.0,0.0,800.0,800.0,0.0
AccountId_2436,77,8883.896103896104,8683.284782882716,300.0,40000.0,39700.0
AccountId_2437,3,2000.0,0.0,2000.0,2000.0,0.0
AccountId_2438,14,1500.0,1581.1388300841897,500.0,6000.0,5500.0
AccountId_2439,8,8250.0,3412.1631178560533,1000.0,10000.0,9000.0
AccountId_2441,24,1470.8333333333333,1072.7774462932011,500.0,5000.0,4500.0
AccountId_2442,18,6200.0,4710.064318281964,1500.0,20000.0,18500.0
AccountId_2443,98,3223.3469387755104,3416.082998647768,54.0,10100.0,10046.0
AccountId_2444,2,1000.0,0.0,1000.0,1000.0,0.0
AccountId_2446,14,6242.857142857143,4469.333849126182,500.0,10000.0,9500.0
AccountId_2448,4,6500.0,4123.105625617661,2000.0,10000.0,8000.0
AccountId_2449,1,1000.0,0.0,1000.0,1000.0,0.0
AccountId_245,3,1333.3333333333333,577.3502691896257,1000.0,2000.0,1000.0
AccountId_2450,23,3500.0,1718.8791273808215,1000.0,5000.0,4000.0
AccountId_2452,2,507.5,10.606601717798213,500.0,515.0,15.0
AccountId_2453,1,1000.0,0.0,1000.0,1000.0,0.0
AccountId_2454,1,5000.0,0.0,5000.0,5000.0,0.0
AccountId_2455,10,1850.0,1028.7532908007308,1000.0,4000.0,3000.0
AccountId_2456,3,10000.0,0.0,10000.0,10000.0,0.0
AccountId_2458,1,1000.0,0.0,1000.0,1000.0,0.0
AccountId_2459,1,10000.0,0.0,10000.0,10000.0,0.0
AccountId_246,25,5032.0,7141.762154165221,500.0,33000.0,32500.0
AccountId_2460,259,6630.7683397683395,62199.93151271499,500.0,1000000.0,999500.0
AccountId_2461,16,243750.0,536679.6064692602,10000.0,2000000.0,1990000.0
AccountId_2462,6,8500.0,2345.207879911715,5000.0,10000.0,5000.0
AccountId_2463,16,1218.75,682.367203197809,500.0,3000.0,2500.0
AccountId_2464,1,10000.0,0.0,10000.0,10000.0,0.0
AccountId_2465,2,3000.0,2828.42712474619,1000.0,5000.0,4000.0
AccountId_2467,57,6192.982456140351,9689.25877397092,500.0,50000.0,49500.0
AccountId_2468,6,689.1666666666666,246.38215573914167,500.0,1000.0,500.0
AccountId_2469,3,31833.333333333332,50424.03527419571,500.0,90000.0,89500.0
AccountId_247,1,10000.0,0.0,10000.0,10000.0,0.0
AccountId_2470,14,6642.857142857143,3248.8374928495664,1000.0,10000.0,9000.0
AccountId_2471,2,5000.0,5656.85424949238,1000.0,9000.0,8000.0
AccountId_2472,3,8666.666666666666,2309.4010767585028,6000.0,10000.0,4000.0
AccountId_2473,48,50468.75,33043.39607147199,500.0,115000.0,114500.0
AccountId_2474,3,8666.666666666666,2309.4010767585028,6000.0,10000.0,4000.0
AccountId_2476,1,5000.0,0.0,5000.0,5000.0,0.0
AccountId_2477,1,49850.0,0.0,49850.0,49850.0,0.0
AccountId_2478,14,27928.571428571428,21003.531885098557,1000.0,50000.0,49000.0
AccountId_2479,15,4766.666666666667,7427.907479486367,1000.0,30000.0,29000.0
AccountId_248,2,1000.0,0.0,1000.0,1000.0,0.0
AccountId_2480,1,500.0,0.0,500.0,500.0,0.0
AccountId_2481,2,16000.0,19798.98987322333,2000.0,30000.0,28000.0
AccountId_2483,1,1000.0,0.0,1000.0,1000.0,0.0
AccountId_2485,1,2000.0,0.0,2000.0,2000.0,0.0
AccountId_2486,2,80000.0,0.0,80000.0,80000.0,0.0
AccountId_2487,9,6967.777777777777,10425.657986163005,710.0,30000.0,29290.0
AccountId_2489,5,6800.0,3420.526275297414,2000.0,10000.0,8000.0
AccountId_249,5,2800.0,836.6600265340755,2000.0,4000.0,2000.0
AccountId_2490,1,1000.0,0.0,1000.0,1000.0,0.0
AccountId_2491,14,3183.9285714285716,1574.7285218673144,700.0,5000.0,4300.0
AccountId_2492,17,3664.705882352941,4648.109989080318,1000.0,15000.0,14000.0
AccountId_2493,1,500.0,0.0,500.0,500.0,0.0
AccountId_2494,4,1300.0,1469.6938456699068,500.0,3500.0,3000.0
AccountId_2495,42,1388.095238095238,867.6299033833861,500.0,4000.0,3500.0
AccountId_2496,1,5000.0,0.0,5000.0,5000.0,0.0
AccountId_2497,14,3928.5714285714284,1774.359503694685,1000.0,5000.0,4000.0
AccountId_2498,6,23416.666666666668,14988.050796106432,5000.0,50000.0,45000.0
AccountId_2499,5,29200.0,48251.42484942802,1000.0,115000.0,114000.0
AccountId_25,23,11413.04347826087,12786.40273343758,500.0,55000.0,54500.0
AccountId_250,1,500.0,0.0,500.0,500.0,0.0
AccountId_2501,23,9913.04347826087,3691.6742134191254,5000.0,25000.0,20000.0
AccountId_2502,3,2400.0,1039.2304845413264,1200.0,3000.0,1800.0
AccountId_2503,3,8666.666666666666,2309.4010767585028,6000.0,10000.0,4000.0
AccountId_2504,1,500.0,0.0,500.0,500.0,0.0
AccountId_2505,18,5177.777777777777,4785.831485388506,500.0,11000.0,10500.0
AccountId_2506,3,8666.666666666666,2309.4010767585028,6000.0,10000.0,4000.0
AccountId_2507,18,2788.8888888888887,4355.103684710062,1000.0,20000.0,19000.0
AccountId_2508,1,500.0,0.0,500.0,500.0,0.0
AccountId_2509,1,5000.0,0.0,5000.0,5000.0,0.0
AccountId_251,1,500.0,0.0,500.0,500.0,0.0
AccountId_2510,17,2894.1176470588234,2969.1056288542713,1000.0,10000.0,9000.0
AccountId_2511,1,5000.0,0.0,5000.0,5000.0,0.0
AccountId_2512,1,10000.0,0.0,10000.0,10000.0,0.0
AccountId_2514,3,8666.666666666666,2309.4010767585028,6000.0,10000.0,4000.0
AccountId_2515,2,500.0,0.0,500.0,500.0,0.0
AccountId_2516,20,2685.0,1760.4649505472307,500.0,5000.0,4500.0
AccountId_2517,11,130909.09090909091,40361.99832876103,80000.0,160000.0,80000.0
AccountId_2518,10,7610.0,5729.931161114513,600.0,20000.0,19400.0
AccountId_2519,5,3120.0,3958.787693221247,600.0,10000.0,9400.0
AccountId_252,14,4607.142857142857,4764.3652068429665,500.0,17000.0,16500.0
AccountId_2520,13,2446.153846153846,1847.3473706080044,500.0,5000.0,4500.0
AccountId_2521,5,1000.0,0.0,1000.0,1000.0,0.0
AccountId_2522,4,18800.0,16400.0,4200.0,33000.0,28800.0
AccountId_2523,20,27702.4,22906.41899096132,5000.0,100000.0,95000.0
AccountId_2524,7,5142.857142857143,3976.11918955202,1000.0,10000.0,9000.0
AccountId_2525,20,13825.0,17954.88131840182,700.0,52000.0,51300.0
AccountId_2527,15,5433.333333333333,3005.154302353272,1000.0,10000.0,9000.0
AccountId_2528,1,1000.0,0.0,1000.0,1000.0,0.0
AccountId_2529,7,6714.285714285715,6524.678426668135,1000.0,20000.0,19000.0
AccountId_2530,3,6666.666666666667,2886.751345948129,5000.0,10000.0,5000.0
AccountId_2531,1,10000.0,0.0,10000.0,10000.0,0.0
AccountId_2532,1,2000.0,0.0,2000.0,2000.0,0.0
AccountId_2533,3,5000.0,0.0,5000.0,5000.0,0.0
AccountId_2534,9,8444.444444444445,11226.209412699274,1000.0,30000.0,29000.0
AccountId_2537,12,1267.0833333333333,643.1685002368895,615.0,3000.0,2385.0
AccountId_2538,3,40000.0,17320.508075688773,20000.0,50000.0,30000.0
AccountId_2539,5,1600.0,223.606797749979,1500.0,2000.0,500.0
AccountId_2540,15,5266.666666666667,4199.773236508757,1000.0,10000.0,9000.0
AccountId_2541,16,19718.75,21678.690573925356,1000.0,50000.0,49000.0
AccountId_2543,18,3561.1111111111113,4597.587460561934,500.0,20000.0,19500.0
AccountId_2545,30,1120.0,1014.8551790687962,500.0,5000.0,4500.0
AccountId_2546,16,6593.75,10735.14283401328,500.0,28000.0,27500.0
AccountId_2547,101,4946.693069306931,4962.94007770107,500.0,26000.0,25500.0
AccountId_2549,5,14000.0,8215.838362577491,5000.0,20000.0,15000.0
AccountId_255,2,500.0,0.0,500.0,500.0,0.0
AccountId_2550,1,9000.0,0.0,9000.0,9000.0,0.0
AccountId_2551,3,10333.333333333334,577.3502691896255,10000.0,11000.0,1000.0
AccountId_2552,2,2500.0,0.0,2500.0,2500.0,0.0
AccountId_2553,16,2975.0,2695.0572040929546,500.0,10000.0,9500.0
AccountId_2554,3,8666.666666666666,2309.4010767585028,6000.0,10000.0,4000.0
AccountId_2555,4,875.0,250.0,500.0,1000.0,500.0
AccountId_2556,41,3120.731707317073,1382.6141729417907,500.0,6000.0,5500.0
AccountId_2557,1,3000.0,0.0,3000.0,3000.0,0.0
AccountId_2558,25,1528.0,1803.5890145300104,1000.0,10000.0,9000.0
AccountId_256,3,2166.6666666666665,2466.4414311581236,500.0,5000.0,4500.0
AccountId_2560,68,2002.8529411764705,1996.7581282736876,500.0,10000.0,9500.0
AccountId_2562,1,80000.0,0.0,80000.0,80000.0,0.0
AccountId_2563,3,8666.666666666666,2309.4010767585028,6000.0,10000.0,4000.0
AccountId_2564,57,4934.6140350877195,5337.386592152119,500.0,28000.0,27500.0
AccountId_2565,1,1000.0,0.0,1000.0,1000.0,0.0
AccountId_2566,1,1500.0,0.0,1500.0,1500.0,0.0
AccountId_2567,1,1000.0,0.0,1000.0,1000.0,0.0
AccountId_2568,1,2000.0,0.0,2000.0,2000.0,0.0
AccountId_2569,6,13616.666666666666,16299.744374273685,1700.0,40000.0,38300.0
AccountId_257,4,1750.0,866.0254037844386,500.0,2500.0,2000.0
AccountId_2570,30,5926.666666666667,9349.863850505444,1000.0,43000.0,42000.0
AccountId_2571,1,2000.0,0.0,2000.0,2000.0,0.0
AccountId_2572,1,2000.0,0.0,2000.0,2000.0,0.0
AccountId_2574,12,8416.666666666666,2353.269807709857,5000.0,10000.0,5000.0
AccountId_2575,5,5200.0,4549.72526643093,1000.0,10000.0,9000.0
AccountId_2576,9,6833.333333333333,5350.233639758174,2500.0,20000.0,17500.0
AccountId_2577,11,3636.3636363636365,2757.634032018291,500.0,10000.0,9500.0
AccountId_2578,3,8666.666666666666,2309.4010767585028,6000.0,10000.0,4000.0
AccountId_2579,16,3855.625,5384.004666602733,1000.0,15000.0,14000.0
AccountId_258,3,8666.666666666666,2309.4010767585028,6000.0,10000.0,4000.0
AccountId_2580,8,1500.0,755.9289460184544,1000.0,3000.0,2000.0
AccountId_2583,41,2331.7073170731705,3398.3406998408977,500.0,22000.0,21500.0
AccountId_2584,3,500.0,0.0,500.0,500.0,0.0
AccountId_2585,19,2421.0526315789475,4337.380026822186,500.0,20000.0,19500.0
AccountId_2586,11,3845.4545454545455,7406.262706164781,500.0,26000.0,25500.0
AccountId_2587,1,1000.0,0.0,1000.0,1000.0,0.0
AccountId_2588,5,500.0,0.0,500.0,500.0,0.0
AccountId_259,6,1000.0,0.0,1000.0,1000.0,0.0
AccountId_2590,3,11000.0,9000.0,2000.0,20000.0,18000.0
AccountId_2591,46,8089.369565217391,12243.52865142089,1000.0,60000.0,59000.0
AccountId_2592,22,659.0909090909091,238.36564731139805,500.0,1000.0,500.0
AccountId_2594,25,14120.0,14376.833216440029,2000.0,50000.0,48000.0
AccountId_2595,3,8333.333333333334,2886.7513459481293,5000.0,10000.0,5000.0
AccountId_2596,34,1976.9117647058824,1486.9110826596811,500.0,5475.0,4975.0
AccountId_2597,1,500.0,0.0,500.0,500.0,0.0
AccountId_2598,1,1000.0,0.0,1000.0,1000.0,0.0
AccountId_2599,1,120000.0,0.0,120000.0,120000.0,0.0
AccountId_260,3,10000.0,0.0,10000.0,10000.0,0.0
AccountId_2602,2,500.0,0.0,500.0,500.0,0.0
AccountId_2604,66,14053.19696969697,16924.147221529085,500.0,80000.0,79500.0
AccountId_2608,4,1750.0,500.0,1000.0,2000.0,1000.0
AccountId_2609,2,50500.0,70003.57133746821,1000.0,100000.0,99000.0
AccountId_261,1,1000.0,0.0,1000.0,1000.0,0.0
AccountId_2612,88,9115.90909090909,31589.39836114684,500.0,172000.0,171500.0
AccountId_2613,6,1083.3333333333333,970.3951085339758,500.0,3000.0,2500.0
AccountId_2614,1,500.0,0.0,500.0,500.0,0.0
AccountId_2615,5,1600.0,894.4271909999159,1000.0,3000.0,2000.0
AccountId_2616,74,1106.7567567567567,1179.776050385542,500.0,5000.0,4500.0
AccountId_2617,36,4455.555555555556,8429.554960102985,500.0,50000.0,49500.0
AccountId_2618,24,2175.0,2713.9334521333967,500.0,10000.0,9500.0
AccountId_2619,1,50000.0,0.0,50000.0,50000.0,0.0
AccountId_262,15,1900.0,2300.6210341681967,1000.0,10000.0,9000.0
AccountId_2620,3,1000.0,0.0,1000.0,1000.0,0.0
AccountId_2622,1,15000.0,0.0,15000.0,15000.0,0.0
AccountId_2623,52,9607.692307692309,29190.48223982716,500.0,200000.0,199500.0
AccountId_2624,1,5000.0,0.0,5000.0,5000.0,0.0
AccountId_2625,9,1666.6666666666667,1391.9410907075055,500.0,3500.0,3000.0
AccountId_2626,7,1080.7142857142858,597.4280191748945,500.0,2000.0,1500.0
AccountId_2627,2,80000.0,0.0,80000.0,80000.0,0.0
AccountId_2628,4,6500.0,4328.972164382673,1100.0,10000.0,8900.0
AccountId_2629,3,8333.333333333334,2886.7513459481293,5000.0,10000.0,5000.0
AccountId_2630,39,3946.153846153846,3217.2108019415755,500.0,15000.0,14500.0
AccountId_2631,3,106666.66666666667,46188.02153517006,80000.0,160000.0,80000.0
AccountId_2632,1,20000.0,0.0,20000.0,20000.0,0.0
AccountId_2633,9,8444.444444444445,2351.1226632776475,5000.0,10000.0,5000.0
AccountId_2634,9,1210.0,449.3328387732194,500.0,1500.0,1000.0
AccountId_2635,1,100000.0,0.0,100000.0,100000.0,0.0
AccountId_2636,10,2100.0,2806.7379246694513,1000.0,10000.0,9000.0
AccountId_2639,7,785.7142857142857,267.2612419124244,500.0,1000.0,500.0
AccountId_264,1,1000.0,0.0,1000.0,1000.0,0.0
AccountId_2640,17,4529.411764705882,5624.9183000602725,500.0,20000.0,19500.0
AccountId_2643,8,10750.0,1752.549163769328,10000.0,15000.0,5000.0
AccountId_2644,1,500.0,0.0,500.0,500.0,0.0
AccountId_2645,7,47142.857142857145,40989.545705494915,2000.0,80000.0,78000.0
AccountId_2646,13,9692.307692307691,2657.8379491802284,5000.0,16000.0,11000.0
AccountId_2648,359,3186.7966573816157,6461.49649203935,1000.0,55000.0,54000.0
AccountId_2649,1,2000.0,0.0,2000.0,2000.0,0.0
AccountId_2650,12,3250.8333333333335,1899.8825721288115,500.0,5000.0,4500.0
AccountId_2651,1,1000.0,0.0,1000.0,1000.0,0.0
AccountId_2653,2,8000.0,2828.42712474619,6000.0,10000.0,4000.0
AccountId_2654,6,1833.3333333333333,1693.1233465600394,500.0,5000.0,4500.0
AccountId_2655,14,9714.285714285714,1382.7826698682304,5000.0,11000.0,6000.0
AccountId_2656,35,151943.77142857143,221492.51653180807,1000.0,599392.0,598392.0
AccountId_2657,2,1000.0,0.0,1000.0,1000.0,0.0
AccountId_2658,14,9000.0,2801.0986855435576,5000.0,15000.0,10000.0
AccountId_2659,310,8028.387096774193,30170.00965904746,600.0,235000.0,234400.0
AccountId_266,60,1831.6666666666667,2160.860756513373,500.0,10000.0,9500.0
AccountId_2660,5,2000.0,1000.0,1000.0,3500.0,2500.0
AccountId_2662,2,11000.0,1414.213562373095,10000.0,12000.0,2000.0
AccountId_2664,15,1833.3333333333333,1789.5197546774812,500.0,7000.0,6500.0
AccountId_2665,8,9500.0,1851.640199545103,5000.0,11000.0,6000.0
AccountId_2666,9,8444.444444444445,2603.4165586355516,5000.0,11000.0,6000.0
AccountId_2668,2,900.0,0.0,900.0,900.0,0.0
AccountId_2669,57,19780.701754385966,21523.246888924637,500.0,70000.0,69500.0
AccountId_267,4,800.0,216.02468994692867,500.0,1000.0,500.0
AccountId_2670,12,22616.666666666668,28403.89964690615,1000.0,67000.0,66000.0
AccountId_2671,4,501550.0,998968.8233373453,500.0,2000000.0,1999500.0
AccountId_2672,134,2291.044776119403,3032.0459527576686,500.0,16000.0,15500.0
AccountId_2673,50,4795.92,5001.180280448909,500.0,21000.0,20500.0
AccountId_2674,3,8666.666666666666,2309.4010767585028,6000.0,10000.0,4000.0
AccountId_2676,3,1333.3333333333333,763.7626158259734,500.0,2000.0,1500.0
AccountId_2677,35,2636.2,6594.570011402876,767.0,30000.0,29233.0
AccountId_2678,1,50000.0,0.0,50000.0,50000.0,0.0
AccountId_268,5,7231.4,1850.2756010929832,5800.0,10000.0,4200.0
AccountId_2682,126,13615.079365079366,29855.596641059623,500.0,118000.0,117500.0
AccountId_2683,41,45536.58536585366,56109.757422829585,5000.0,200000.0,195000.0
AccountId_2684,12,5458.333333333333,3055.9802276054,1500.0,10000.0,8500.0
AccountId_2685,139,1168.7410071942445,528.6241690906728,500.0,3000.0,2500.0
AccountId_2687,1,10000.0,0.0,10000.0,10000.0,0.0
AccountId_2689,3,8666.666666666666,2309.4010767585028,6000.0,10000.0,4000.0
AccountId_269,1,2000.0,0.0,2000.0,2000.0,0.0
AccountId_2690,12,9750.0,1544.7859516333117,5000.0,11000.0,6000.0
AccountId_2691,71,8323.802816901409,11155.828632371915,1000.0,65000.0,64000.0
AccountId_2692,14,3357.1428571428573,4343.113786517383,500.0,13000.0,12500.0
AccountId_2693,10,13750.0,10814.727612535293,500.0,28000.0,27500.0
AccountId_2695,4,750.0,288.6751345948129,500.0,1000.0,500.0
AccountId_2696,20,1065.0,822.8800513728403,500.0,4000.0,3500.0
AccountId_2697,1,1000.0,0.0,1000.0,1000.0,0.0
AccountId_2698,1,500.0,0.0,500.0,500.0,0.0
AccountId_27,13,7769.2307692307695,3113.247129976625,1000.0,10000.0,9000.0
AccountId_270,1,5000.0,0.0,5000.0,5000.0,0.0
AccountId_2700,36,3193.527777777778,2536.5635413303467,500.0,10000.0,9500.0
AccountId_2701,42,2672.1428571428573,5424.587895200208,500.0,27000.0,26500.0
AccountId_2703,32,1443.75,1734.0866332490148,500.0,10000.0,9500.0
AccountId_2704,53,3442.4528301886794,4541.003322572758,1000.0,30000.0,29000.0
AccountId_2705,6,2666.6666666666665,2658.3202716502515,1000.0,8000.0,7000.0
AccountId_2706,11,7781.818181818182,16200.606049269772,600.0,50000.0,49400.0
AccountId_2707,6,7500.0,2738.6127875258308,5000.0,10000.0,5000.0
AccountId_2708,1,20000.0,0.0,20000.0,20000.0,0.0
AccountId_2710,2,2600.0,1979.8989873223331,1200.0,4000.0,2800.0
AccountId_2713,4,37950.0,47401.933856471864,800.0,100000.0,99200.0
AccountId_2714,7,10742.857142857143,4456.77654172353,5200.0,20000.0,14800.0
AccountId_2716,6,8500.0,2345.207879911715,5000.0,10000.0,5000.0
AccountId_2717,1,500.0,0.0,500.0,500.0,0.0
AccountId_2719,30,1666.6666666666667,2081.6659994661327,500.0,10000.0,9500.0
AccountId_272,3,2733.3333333333335,3696.3946398258577,500.0,7000.0,6500.0
AccountId_2720,3,1333.3333333333333,577.3502691896257,1000.0,2000.0,1000.0
AccountId_2722,5,2000.0,0.0,2000.0,2000.0,0.0
AccountId_2724,1,500.0,0.0,500.0,500.0,0.0
AccountId_2726,4,6500.0,4358.898943540674,1000.0,10000.0,9000.0
AccountId_2727,1,5000.0,0.0,5000.0,5000.0,0.0
AccountId_2728,1,1000.0,0.0,1000.0,1000.0,0.0
AccountId_2729,36,1338.3333333333333,965.358556629164,500.0,3500.0,3000.0
AccountId_273,23,57282.608695652176,113431.47972624432,500.0,400000.0,399500.0
AccountId_2730,1,1000.0,0.0,1000.0,1000.0,0.0
AccountId_2731,1,1500.0,0.0,1500.0,1500.0,0.0
AccountId_2732,18,1966.6666666666667,2394.110420570102,500.0,10000.0,9500.0
AccountId_2735,18,5255.555555555556,7601.410257872991,500.0,20000.0,19500.0
AccountId_2737,1,1000.0,0.0,1000.0,1000.0,0.0
AccountId_2738,4,5500.0,8346.65601703261,1000.0,18000.0,17000.0
AccountId_2739,2,20000.0,0.0,20000.0,20000.0,0.0
AccountId_274,19,2822.3684210526317,2058.264080090748,600.0,6000.0,5400.0
AccountId_2741,4,3250.0,1500.0,2000.0,5000.0,3000.0
AccountId_2742,27,3729.259259259259,5079.5479250133185,500.0,20000.0,19500.0
AccountId_2743,16,8825.0,2839.600910926275,1000.0,11000.0,10000.0
AccountId_2744,12,9262.75,15150.32894407367,10.0,41000.0,40990.0
AccountId_2745,1,1000.0,0.0,1000.0,1000.0,0.0
AccountId_2746,4,4087.5,1504.6455839609982,2000.0,5350.0,3350.0
AccountId_2747,4,2375.0,1887.4586088176875,500.0,4000.0,3500.0
AccountId_2748,4,5625.0,5088.794880257342,500.0,10000.0,9500.0
AccountId_2749,1,1000.0,0.0,1000.0,1000.0,0.0
AccountId_275,10,8550.0,3235.6520895245285,500.0,10000.0,9500.0
AccountId_2750,1,60000.0,0.0,60000.0,60000.0,0.0
AccountId_2751,11,11627.272727272728,4186.667149198969,7900.0,20000.0,12100.0
AccountId_2753,7,33214.28571428572,35699.97332265243,1000.0,72000.0,71000.0
AccountId_2754,4,6000.0,5830.9518948453,1000.0,12000.0,11000.0
AccountId_2756,3,8666.666666666666,2309.4010767585028,6000.0,10000.0,4000.0
AccountId_2757,3,106666.66666666667,46188.02153517006,80000.0,160000.0,80000.0
AccountId_2758,3,8666.666666666666,2309.4010767585028,6000.0,10000.0,4000.0
AccountId_2759,54,4720.814814814815,5798.46001700736,500.0,30000.0,29500.0
AccountId_276,1,100000.0,0.0,100000.0,100000.0,0.0
AccountId_2760,11,4727.272727272727,5405.384520844176,1000.0,15000.0,14000.0
AccountId_2762,6,8500.0,2345.207879911715,5000.0,10000.0,5000.0
AccountId_2763,4,9000.0,2000.0,6000.0,10000.0,4000.0
AccountId_2766,41,2050.243902439024,1425.9391428193526,500.0,5000.0,4500.0
AccountId_2767,1,5000.0,0.0,5000.0,5000.0,0.0
AccountId_2768,2,9000.0,11313.70849898476,1000.0,17000.0,16000.0
AccountId_2769,22,9600.0,1336.662510384228,5000.0,10200.0,5200.0
AccountId_277,3,40000.0,51961.52422706632,10000.0,100000.0,90000.0
AccountId_2770,3,8666.666666666666,2309.4010767585028,6000.0,10000.0,4000.0
AccountId_2771,12,8000.0,3133.397807202561,1000.0,10000.0,9000.0
AccountId_2772,6,10283.333333333334,14513.4994631435,500.0,30000.0,29500.0
AccountId_2773,1,10000.0,0.0,10000.0,10000.0,0.0
AccountId_2775,5,927.0,245.7539419826262,500.0,1135.0,635.0
AccountId_2776,1,80000.0,0.0,80000.0,80000.0,0.0
AccountId_2777,21,14571.42857142857,19774.532683660134,500.0,75000.0,74500.0
AccountId_2779,19,13947.368421052632,18001.461928936424,1000.0,55000.0,54000.0
AccountId_278,3,1000.0,0.0,1000.0,1000.0,0.0
AccountId_2780,2,20000.0,0.0,20000.0,20000.0,0.0
AccountId_2781,1,1000.0,0.0,1000.0,1000.0,0.0
AccountId_2782,2,42500.0,53033.00858899106,5000.0,80000.0,75000.0
AccountId_2783,266,2736.8684210526317,3815.6925286489854,500.0,30000.0,29500.0
AccountId_2784,15,2093.3333333333335,2518.351690708674,1000.0,11000.0,10000.0
AccountId_2785,2,80000.0,0.0,80000.0,80000.0,0.0
AccountId_2787,14,11285.714285714286,14781.373785579302,1000.0,50000.0,49000.0
AccountId_2788,53,1521.8301886792453,1366.3804760113353,500.0,5555.0,5055.0
AccountId_2789,9,10000.0,0.0,10000.0,10000.0,0.0
AccountId_279,14,1214.2857142857142,1104.43660740679,500.0,5000.0,4500.0
AccountId_2790,3,10000.0,0.0,10000.0,10000.0,0.0
AccountId_2791,3,1000.0,0.0,1000.0,1000.0,0.0
AccountId_2792,34,5029.235294117647,1403.1455584188398,3000.0,10000.0,7000.0
AccountId_2793,1,500.0,0.0,500.0,500.0,0.0
AccountId_2794,2,8000.0,2828.42712474619,6000.0,10000.0,4000.0
AccountId_2796,7,4000.0,4163.331998932265,1000.0,10000.0,9000.0
AccountId_2797,66,4558.409090909091,17057.05847936659,500.0,100000.0,99500.0
AccountId_2798,4,12675.0,4894.469668241221,10000.0,20000.0,10000.0
AccountId_2799,4,4250.0,4272.001872658766,1000.0,10000.0,9000.0
AccountId_280,167,6006.047904191617,16743.61175457831,50.0,100000.0,99950.0
AccountId_2800,18,1538.888888888889,1134.0395723403954,500.0,5000.0,4500.0
AccountId_2801,9,9888.888888888889,10532.027872689623,1000.0,25000.0,24000.0
AccountId_2802,33,2248.4848484848485,2408.334644017679,500.0,10000.0,9500.0
AccountId_2803,23,6270.652173913043,9874.695657490576,500.0,36000.0,35500.0
AccountId_2804,215,3632.9813953488374,4060.9721017100333,500.0,15000.0,14500.0
AccountId_2805,2,10000.0,0.0,10000.0,10000.0,0.0
AccountId_2807,6,3150.0,3431.471987354698,1000.0,10000.0,9000.0
AccountId_2808,9,2611.1111111111113,2848.001248439177,1000.0,10000.0,9000.0
AccountId_2809,1,5000.0,0.0,5000.0,5000.0,0.0
AccountId_281,3,8666.666666666666,2309.4010767585028,6000.0,10000.0,4000.0
AccountId_2810,8,7900.0,10324.865962464459,900.0,30000.0,29100.0
AccountId_2811,93,6535.4838709677415,10075.990027538886,500.0,80000.0,79500.0
AccountId_2812,2,1000.0,0.0,1000.0,1000.0,0.0
AccountId_2813,98,1525.7551020408164,1318.1871420509858,400.0,7000.0,6600.0
AccountId_2814,1,500.0,0.0,500.0,500.0,0.0
AccountId_2815,2,5000.0,0.0,5000.0,5000.0,0.0
AccountId_2816,50,2088.2,3340.188324154242,500.0,20000.0,19500.0
AccountId_2818,2,1000.0,0.0,1000.0,1000.0,0.0
AccountId_2819,22,5509.090909090909,6745.150574824573,1000.0,30000.0,29000.0
AccountId_2820,3,8333.333333333334,2886.7513459481293,5000.0,10000.0,5000.0
AccountId_2821,30,3850.0,6608.706378709831,500.0,33000.0,32500.0
AccountId_2823,20,6050.0,4195.549019967157,500.0,10000.0,9500.0
AccountId_2824,6,2666.6666666666665,1861.8986725025254,1000.0,5000.0,4000.0
AccountId_2825,8,1000.0,0.0,1000.0,1000.0,0.0
AccountId_2826,1,1000.0,0.0,1000.0,1000.0,0.0
AccountId_2827,3,8666.666666666666,2309.4010767585028,6000.0,10000.0,4000.0
AccountId_2828,18,1538.888888888889,1094.445273879119,500.0,4000.0,3500.0
AccountId_2829,2,7500.0,3535.5339059327375,5000.0,10000.0,5000.0
AccountId_283,12,2525.0,2039.6635194872886,500.0,5500.0,5000.0
AccountId_2830,2,7500.0,3535.5339059327375,5000.0,10000.0,5000.0
AccountId_2831,2,500.0,0.0,500.0,500.0,0.0
AccountId_2832,1,2000.0,0.0,2000.0,2000.0,0.0
AccountId_2833,5,14200.0,5310.367218940702,10000.0,20000.0,10000.0
AccountId_2834,1,500.0,0.0,500.0,500.0,0.0
AccountId_2835,10,10110.0,9427.436319358278,1000.0,28000.0,27000.0
AccountId_2836,3,133333.33333333334,46188.02153517007,80000.0,160000.0,80000.0
AccountId_2837,6,10000.0,0.0,10000.0,10000.0,0.0
AccountId_2838,1,1000.0,0.0,1000.0,1000.0,0.0
AccountId_2839,3,8400.0,2944.486372867091,5000.0,10100.0,5100.0
AccountId_284,52,8601.826923076924,9882.861032370296,500.0,42000.0,41500.0
AccountId_2840,4,1125.0,478.713553878169,500.0,1500.0,1000.0
AccountId_2841,9,8444.444444444445,2351.1226632776475,5000.0,10000.0,5000.0
AccountId_2843,168,2600.940476190476,7003.6819680942235,500.0,50223.0,49723.0
AccountId_2844,4,8750.0,2500.0,5000.0,10000.0,5000.0
AccountId_2845,9,5666.666666666667,4301.162633521313,1000.0,10000.0,9000.0
AccountId_2846,1,500.0,0.0,500.0,500.0,0.0
AccountId_2847,3,8666.666666666666,2309.4010767585028,6000.0,10000.0,4000.0
AccountId_2848,15,8920.0,2482.8554989309037,2600.0,11000.0,8400.0
AccountId_2849,1,10080.0,0.0,10080.0,10080.0,0.0
AccountId_285,2,3000.0,2828.42712474619,1000.0,5000.0,4000.0
AccountId_2850,17,4482.823529411765,11037.3260135511,508.0,46000.0,45492.0
AccountId_2851,3,500.0,0.0,500.0,500.0,0.0
AccountId_2852,1,1000.0,0.0,1000.0,1000.0,0.0
AccountId_2853,4,6250.0,4627.814458971607,500.0,10000.0,9500.0
AccountId_2854,28,1010.7142857142857,116.55323283657167,800.0,1500.0,700.0
AccountId_2856,3,8666.666666666666,2309.4010767585028,6000.0,10000.0,4000.0
AccountId_2857,3,40000.0,13228.756555322952,25000.0,50000.0,25000.0
AccountId_2858,3,1266.6666666666667,251.6611478423583,1000.0,1500.0,500.0
AccountId_286,26,1900.0,1674.7537132366658,500.0,6500.0,6000.0
AccountId_2860,1,1000.0,0.0,1000.0,1000.0,0.0
AccountId_2863,6,8500.0,2738.6127875258308,5000.0,11000.0,6000.0
AccountId_2865,1,5000.0,0.0,5000.0,5000.0,0.0
AccountId_2866,3,8666.666666666666,2309.4010767585028,6000.0,10000.0,4000.0
AccountId_2867,21,8342.857142857143,3656.305707756317,1000.0,11000.0,10000.0
AccountId_2868,5,8100.0,3612.4783736376885,5000.0,12000.0,7000.0
AccountId_2869,1,20000.0,0.0,20000.0,20000.0,0.0
AccountId_287,5,2000.0,1732.0508075688772,1000.0,5000.0,4000.0
AccountId_2870,37,2140.5405405405404,2050.130003934637,500.0,9000.0,8500.0
AccountId_2871,2,8500.0,4949.747468305833,5000.0,12000.0,7000.0
AccountId_2872,1,3000.0,0.0,3000.0,3000.0,0.0
AccountId_2873,1,800.0,0.0,800.0,800.0,0.0
AccountId_2874,1,1000.0,0.0,1000.0,1000.0,0.0
AccountId_2875,6,8500.0,2345.207879911715,5000.0,10000.0,5000.0
AccountId_2876,3,5666.666666666667,4041.4518843273804,2000.0,10000.0,8000.0
AccountId_2877,14,15392.857142857143,25830.943408296906,500.0,100000.0,99500.0
AccountId_2879,1,500.0,0.0,500.0,500.0,0.0
AccountId_288,4,800.0,244.94897427831782,500.0,1000.0,500.0
AccountId_2880,1,1000.0,0.0,1000.0,1000.0,0.0
AccountId_2881,3,9500.0,5074.4457825461095,5000.0,15000.0,10000.0
AccountId_2883,2,1000.0,0.0,1000.0,1000.0,0.0
AccountId_2884,36,3958.3333333333335,5051.527350359351,500.0,20000.0,19500.0
AccountId_2885,12,8416.666666666666,2353.269807709857,5000.0,10000.0,5000.0
AccountId_2886,2,30000.0,28284.2712474619,10000.0,50000.0,40000.0
AccountId_2887,32,1091.71875,346.17870029844784,500.0,2500.0,2000.0
AccountId_2888,3,10000.0,0.0,10000.0,10000.0,0.0
AccountId_2890,1,5000.0,0.0,5000.0,5000.0,0.0
AccountId_2891,2,500.0,0.0,500.0,500.0,0.0
AccountId_2892,1,23400.0,0.0,23400.0,23400.0,0.0
AccountId_2894,6,8500.0,2345.207879911715,5000.0,10000.0,5000.0
AccountId_2895,8,1412.5,695.7780844904091,600.0,2500.0,1900.0
AccountId_2896,6,8500.0,2345.207879911715,5000.0,10000.0,5000.0
AccountId_2897,3,8666.666666666666,2309.4010767585028,6000.0,10000.0,4000.0
AccountId_2898,4,5500.0,5196.152422706632,1000.0,10000.0,9000.0
AccountId_2899,16,10110.75,8647.834931357096,1000.0,28000.0,27000.0
AccountId_29,4,750.0,288.6751345948129,500.0,1000.0,500.0
AccountId_2902,3,10333.333333333334,577.3502691896255,10000.0,11000.0,1000.0
AccountId_2903,1,10000.0,0.0,10000.0,10000.0,0.0
AccountId_2904,36,1902.7777777777778,2007.1993439489777,500.0,9000.0,8500.0
AccountId_2905,19,2883.2631578947367,3477.791458224686,500.0,13282.0,12782.0
AccountId_2906,71,26707.676056338027,72846.86286504917,1000.0,420000.0,419000.0
AccountId_2907,1,31000.0,0.0,31000.0,31000.0,0.0
AccountId_2908,6,5607.833333333333,10978.803585394297,800.0,28000.0,27200.0
AccountId_2909,1,2000.0,0.0,2000.0,2000.0,0.0
AccountId_291,13,6961.538461538462,6694.094220721534,500.0,20000.0,19500.0
AccountId_2910,11,845.4545454545455,233.93860888547817,600.0,1100.0,500.0
AccountId_2912,2,750.0,353.5533905932738,500.0,1000.0,500.0
AccountId_2915,2,1000.0,0.0,1000.0,1000.0,0.0
AccountId_2916,7,8000.0,10360.18017861337,1000.0,30000.0,29000.0
AccountId_2917,2,5000.0,0.0,5000.0,5000.0,0.0
AccountId_2919,1,1000.0,0.0,1000.0,1000.0,0.0
AccountId_292,2,80000.0,0.0,80000.0,80000.0,0.0
AccountId_2920,6,8500.0,2345.207879911715,5000.0,10000.0,5000.0
AccountId_2921,3,666.6666666666666,288.67513459481285,500.0,1000.0,500.0
AccountId_2922,5,15000.0,8660.254037844386,10000.0,30000.0,20000.0
AccountId_2923,2,1500.0,707.1067811865476,1000.0,2000.0,1000.0
AccountId_2925,8,3562.5,4304.793839430641,1000.0,11000.0,10000.0
AccountId_2927,13,8538.461538461539,2470.33683989939,5000.0,11000.0,6000.0
AccountId_2928,97,1913.5051546391753,2359.7981866557966,500.0,13000.0,12500.0
AccountId_2929,2,10000.0,0.0,10000.0,10000.0,0.0
AccountId_293,6,8500.0,2345.207879911715,5000.0,10000.0,5000.0
AccountId_2930,3,8666.666666666666,2309.4010767585028,6000.0,10000.0,4000.0
AccountId_2931,1,5000.0,0.0,5000.0,5000.0,0.0
AccountId_2932,4,1750.0,500.0,1000.0,2000.0,1000.0
AccountId_2934,1,500.0,0.0,500.0,500.0,0.0
AccountId_2935,3,10000.0,0.0,10000.0,10000.0,0.0
AccountId_2936,2,1000.0,0.0,1000.0,1000.0,0.0
AccountId_2938,22,3604.5454545454545,2024.2523070500383,800.0,10000.0,9200.0
AccountId_2939,1,2000.0,0.0,2000.0,2000.0,0.0
AccountId_294,3,8333.333333333334,2886.7513459481293,5000.0,10000.0,5000.0
AccountId_2940,4,5500.0,4203.173404306164,1000.0,10000.0,9000.0
AccountId_2941,4,16000.0,2708.01280154532,14000.0,20000.0,6000.0
AccountId_2946,190,7459.8421052631575,12094.591010026137,50.0,100000.0,99950.0
AccountId_2948,9,4444.444444444444,5104.68194677962,600.0,15000.0,14400.0
AccountId_2949,62,5417.741935483871,7240.471957118482,500.0,35000.0,34500.0
AccountId_2950,1,300.0,0.0,300.0,300.0,0.0
AccountId_2951,2,1000.0,0.0,1000.0,1000.0,0.0
AccountId_2952,3,1000.0,0.0,1000.0,1000.0,0.0
AccountId_2953,1,80000.0,0.0,80000.0,80000.0,0.0
AccountId_2954,26,3757.6923076923076,3423.0013820532504,200.0,10000.0,9800.0
AccountId_2955,3,8666.666666666666,2309.4010767585028,6000.0,10000.0,4000.0
AccountId_2956,2,500.0,0.0,500.0,500.0,0.0
AccountId_296,1,500.0,0.0,500.0,500.0,0.0
AccountId_2960,19,16026.315789473685,4272.7615458939645,7000.0,20000.0,13000.0
AccountId_2961,3,1333.3333333333333,577.3502691896257,1000.0,2000.0,1000.0
AccountId_2962,4,2000.0,0.0,2000.0,2000.0,0.0
AccountId_2963,3,8333.333333333334,2886.7513459481293,5000.0,10000.0,5000.0
AccountId_2964,62,2725.8064516129034,1414.2060836988396,1000.0,5000.0,4000.0
AccountId_2965,33,1472.7272727272727,579.4786057702687,500.0,2500.0,2000.0
AccountId_2966,83,2959.5180722891564,3365.5818558353244,500.0,12000.0,11500.0
AccountId_2967,4,625.0,250.0,500.0,1000.0,500.0
AccountId_297,116,8632.413793103447,29676.827253971558,500.0,200000.0,199500.0
AccountId_2972,9,4288.888888888889,2975.081698224624,600.0,10000.0,9400.0
AccountId_2973,11,4100.0,2503.9968051097826,1000.0,8000.0,7000.0
AccountId_2974,34,1403.6764705882354,891.0117749311473,90.0,3000.0,2910.0
AccountId_2975,1,500.0,0.0,500.0,500.0,0.0
AccountId_2976,8,6737.5,11557.920907943855,1000.0,35100.0,34100.0
AccountId_2977,2,1500.0,707.1067811865476,1000.0,2000.0,1000.0
AccountId_2978,18,3655.5555555555557,4694.204464609053,800.0,16000.0,15200.0
AccountId_2979,3,2666.6666666666665,2081.6659994661327,1000.0,5000.0,4000.0
AccountId_2980,104,2393.269230769231,5312.181721784154,500.0,41500.0,41000.0
AccountId_2982,7,4285.714285714285,4151.87851918806,1000.0,10000.0,9000.0
AccountId_2983,3,10000.0,0.0,10000.0,10000.0,0.0
AccountId_2985,3,2000.0,1732.0508075688772,1000.0,4000.0,3000.0
AccountId_2987,3,10000.0,0.0,10000.0,10000.0,0.0
AccountId_2988,4,2675.0,1556.4382416273381,1700.0,5000.0,3300.0
AccountId_2989,1,1000.0,0.0,1000.0,1000.0,0.0
AccountId_299,87,2163.367816091954,2848.949688614118,500.0,10573.0,10073.0
AccountId_2990,294,4958.363945578231,8892.964438166324,500.0,77000.0,76500.0
AccountId_2991,2,2000.0,0.0,2000.0,2000.0,0.0
AccountId_2992,3,8333.333333333334,2886.7513459481293,5000.0,10000.0,5000.0
AccountId_2993,3,8666.666666666666,2309.4010767585028,6000.0,10000.0,4000.0
AccountId_2994,35,3114.285714285714,4355.668575488246,500.0,20000.0,19500.0
AccountId_2995,16,4750.0,4449.719092257398,1000.0,11000.0,10000.0
AccountId_2996,1,100000.0,0.0,100000.0,100000.0,0.0
AccountId_2997,81,2802.037037037037,2794.6731447722314,500.0,10000.0,9500.0
AccountId_2999,2,500.0,0.0,500.0,500.0,0.0
AccountId_3,1,5000.0,0.0,5000.0,5000.0,0.0
AccountId_3000,1,1000.0,0.0,1000.0,1000.0,0.0
AccountId_3001,1,2000.0,0.0,2000.0,2000.0,0.0
AccountId_3002,71,4157.7464788732395,4577.168868317463,500.0,20000.0,19500.0
AccountId_3003,7,2842.8571428571427,190.23794624226838,2500.0,3000.0,500.0
AccountId_3005,15,5963.333333333333,4405.00797253481,500.0,10800.0,10300.0
AccountId_3006,5,1640.0,789.3034904268446,1000.0,3000.0,2000.0
AccountId_3007,52,2652.7115384615386,4377.1615806814425,500.0,20000.0,19500.0
AccountId_3008,15,2620.0,2602.526245236128,500.0,10000.0,9500.0
AccountId_3009,3,10000.0,0.0,10000.0,10000.0,0.0
AccountId_301,3,8666.666666666666,2309.4010767585028,6000.0,10000.0,4000.0
AccountId_3010,3,5666.666666666667,4041.451884327381,2000.0,10000.0,8000.0
AccountId_3011,4,1575.0,1053.169818531972,500.0,3000.0,2500.0
AccountId_3012,3,10000.0,0.0,10000.0,10000.0,0.0
AccountId_3013,24,1741.6666666666667,1986.89547364435,100.0,5000.0,4900.0
AccountId_3014,20,9820.0,1893.6458847530348,5200.0,15000.0,9800.0
AccountId_3015,13,1615.3846153846155,1043.9078454267838,1000.0,4000.0,3000.0
AccountId_3016,4,4400.0,4172.129751897305,500.0,10000.0,9500.0
AccountId_3017,87,2394.2528735632186,2505.359665116065,500.0,14000.0,13500.0
AccountId_3018,2,1000.0,0.0,1000.0,1000.0,0.0
AccountId_3019,17,925.5882352941177,338.2024280707357,500.0,2000.0,1500.0
AccountId_302,1,500.0,0.0,500.0,500.0,0.0
AccountId_3020,29,948.2758620689655,278.5430072655778,500.0,2000.0,1500.0
AccountId_3022,14,3107.1428571428573,2625.1635218560223,500.0,10000.0,9500.0
AccountId_3023,1,1000.0,0.0,1000.0,1000.0,0.0
AccountId_3024,11,1004.5454545454545,313.41230468389836,500.0,1500.0,1000.0
AccountId_3026,5,9160.0,2372.3406163533937,5000.0,11000.0,6000.0
AccountId_3027,83,6378.313253012048,6946.995282973172,500.0,35000.0,34500.0
AccountId_3028,21,1071.4285714285713,712.8413969059717,300.0,3000.0,2700.0
AccountId_3029,69,5794.492753623188,4266.501368814239,500.0,11100.0,10600.0
AccountId_3031,1,1000.0,0.0,1000.0,1000.0,0.0
AccountId_3032,1,20000.0,0.0,20000.0,20000.0,0.0
AccountId_3033,2,1500.0,707.1067811865476,1000.0,2000.0,1000.0
AccountId_3034,7,1071.4285714285713,449.8677054212186,500.0,2000.0,1500.0
AccountId_3035,6,583.3333333333334,204.1241452319315,500.0,1000.0,500.0
AccountId_3036,5,1400.0,961.7692030835673,500.0,3000.0,2500.0
AccountId_3037,66,5348.484848484848,9080.397185895175,500.0,50000.0,49500.0
AccountId_3038,13,9492.307692307691,4728.5412723272875,2000.0,20000.0,18000.0
AccountId_3039,4,6500.0,4358.898943540674,1000.0,10000.0,9000.0
AccountId_3040,2,500.0,0.0,500.0,500.0,0.0
AccountId_3041,28,39107.142857142855,91652.05511252437,10000.0,500000.0,490000.0
AccountId_3042,12,10950.0,2862.770431846491,10000.0,20000.0,10000.0
AccountId_3044,5,1400.0,821.5838362577492,500.0,2000.0,1500.0
AccountId_3045,18,12277.777777777777,9796.791524933382,2000.0,30000.0,28000.0
AccountId_3047,5,4400.0,5116.150896914593,500.0,10000.0,9500.0
AccountId_3048,39,1344.871794871795,2565.2996868067685,50.0,10000.0,9950.0
AccountId_3049,9,9833.333333333334,9058.835465996719,1000.0,28000.0,27000.0
AccountId_305,5,2600.0,1816.590212458495,1000.0,5000.0,4000.0
AccountId_3050,11,58145.09090909091,59455.22911477937,1316.0,160000.0,158684.0
AccountId_3051,28,7146.428571428572,7220.879301276119,700.0,17300.0,16600.0
AccountId_3052,3,1500.0,0.0,1500.0,1500.0,0.0
AccountId_3053,2,1500.0,707.1067811865476,1000.0,2000.0,1000.0
AccountId_3056,9,5000.0,4763.139720814413,500.0,10000.0,9500.0
AccountId_3057,2,1000.0,0.0,1000.0,1000.0,0.0
AccountId_3059,1,500.0,0.0,500.0,500.0,0.0
AccountId_3060,2,1500.0,707.1067811865476,1000.0,2000.0,1000.0
AccountId_3061,71,1218.3098591549297,857.2897258478405,500.0,5000.0,4500.0
AccountId_3062,1,30000.0,0.0,30000.0,30000.0,0.0
AccountId_3063,3,8666.666666666666,2309.4010767585028,6000.0,10000.0,4000.0
AccountId_3064,1,1000.0,0.0,1000.0,1000.0,0.0
AccountId_3065,14,3542.8571428571427,3160.7482769638063,700.0,11000.0,10300.0
AccountId_3066,1,1000.0,0.0,1000.0,1000.0,0.0
AccountId_3067,3,5666.666666666667,8082.903768654761,1000.0,15000.0,14000.0
AccountId_3068,3,5000.0,0.0,5000.0,5000.0,0.0
AccountId_3069,2,500.0,0.0,500.0,500.0,0.0
AccountId_307,25,1048.0,963.5524548945602,500.0,4000.0,3500.0
AccountId_3070,22,4827.272727272727,10714.128714578434,500.0,50000.0,49500.0
AccountId_3071,40,5822.5,13773.860183658551,500.0,50000.0,49500.0
AccountId_3072,7,92371.42857142857,53919.99364137309,46600.0,200000.0,153400.0
AccountId_3074,2,1500.0,707.1067811865476,1000.0,2000.0,1000.0
AccountId_3075,156,4605.7692307692305,12147.503343032366,500.0,50000.0,49500.0
AccountId_3077,1,500.0,0.0,500.0,500.0,0.0
AccountId_3078,23,3934.782608695652,2450.9012619947443,1000.0,10000.0,9000.0
AccountId_3079,1,1500.0,0.0,1500.0,1500.0,0.0
AccountId_3080,10,2850.0,1716.7475709090786,1000.0,5000.0,4000.0
AccountId_3081,6,1083.3333333333333,735.9800721939873,500.0,2000.0,1500.0
AccountId_3082,10,3000.0,1563.4719199411431,1000.0,5000.0,4000.0
AccountId_3083,24,2033.125,1372.3938245935854,500.0,5000.0,4500.0
AccountId_3084,2,7430.0,3436.538956566621,5000.0,9860.0,4860.0
AccountId_3085,29,4693.103448275862,3936.181165481041,500.0,14000.0,13500.0
AccountId_3086,1,1000.0,0.0,1000.0,1000.0,0.0
AccountId_3087,4,1222.5,520.9206593458675,890.0,2000.0,1110.0
AccountId_3089,58,4985.5344827586205,4673.152597609505,500.0,20000.0,19500.0
AccountId_309,3,10000.0,0.0,10000.0,10000.0,0.0
AccountId_3090,1,1000.0,0.0,1000.0,1000.0,0.0
AccountId_3091,17,4235.294117647059,6242.789958871613,500.0,25000.0,24500.0
AccountId_3092,16,1337.5,925.8329582957537,500.0,3200.0,2700.0
AccountId_3093,1,1000.0,0.0,1000.0,1000.0,0.0
AccountId_3094,21,1171.4285714285713,672.4156877578462,500.0,3000.0,2500.0
AccountId_3095,1,1000.0,0.0,1000.0,1000.0,0.0
AccountId_3096,1,1000.0,0.0,1000.0,1000.0,0.0
AccountId_3097,25,1340.0,921.0501253098734,500.0,5000.0,4500.0
AccountId_3098,73,3321.917808219178,4850.808826466825,500.0,25000.0,24500.0
AccountId_3099,5,4800.0,3033.15017762062,3000.0,10000.0,7000.0
AccountId_31,6,1000.0,0.0,1000.0,1000.0,0.0
AccountId_310,3,8333.333333333334,2886.7513459481293,5000.0,10000.0,5000.0
AccountId_3100,1,4500.0,0.0,4500.0,4500.0,0.0
AccountId_3101,2,55000.0,63639.61030678928,10000.0,100000.0,90000.0
AccountId_3103,84,4774.4047619047615,3817.962413489743,500.0,11000.0,10500.0
AccountId_3106,1,1000.0,0.0,1000.0,1000.0,0.0
AccountId_3107,2,40600.0,41577.878733768994,11200.0,70000.0,58800.0
AccountId_3108,60,4758.333333333333,7607.1173556924205,700.0,50000.0,49300.0
AccountId_3109,3,10333.333333333334,577.3502691896255,10000.0,11000.0,1000.0
AccountId_311,14,5514.285714285715,3891.184740065509,200.0,10000.0,9800.0
AccountId_3110,1,80000.0,0.0,80000.0,80000.0,0.0
AccountId_3113,11,24545.454545454544,26313.9264890804,500.0,60000.0,59500.0
AccountId_3114,9,2111.1111111111113,1691.48192751537,1000.0,5000.0,4000.0
AccountId_3115,4,80500.0,64505.81369148055,2000.0,160000.0,158000.0
AccountId_3116,106,2829.811320754717,3631.177686733675,500.0,11000.0,10500.0
AccountId_3118,3,2666.6666666666665,1527.5252316519468,1000.0,4000.0,3000.0
AccountId_3120,2,5000.0,0.0,5000.0,5000.0,0.0
AccountId_3121,2,5000.0,0.0,5000.0,5000.0,0.0
AccountId_3122,28,14323.357142857143,21249.14921210012,1000.0,100000.0,99000.0
AccountId_3123,6,6500.0,10634.848376916334,1000.0,28000.0,27000.0
AccountId_3124,95,5627.368421052632,4558.122096178756,800.0,28000.0,27200.0
AccountId_3127,1,10000.0,0.0,10000.0,10000.0,0.0
AccountId_3129,82,3774.390243902439,7140.526158564101,500.0,50000.0,49500.0
AccountId_313,6,1166.6666666666667,408.248290463863,1000.0,2000.0,1000.0
AccountId_3130,21,6471.428571428572,6516.298248019565,500.0,30000.0,29500.0
AccountId_3131,14,3357.1428571428573,2769.5360027141132,500.0,10000.0,9500.0
AccountId_3132,13,3634.6153846153848,2770.031935389359,500.0,10000.0,9500.0
AccountId_3133,3,8666.666666666666,2309.4010767585028,6000.0,10000.0,4000.0
AccountId_3135,16,1656.25,1140.010964859549,50.0,3500.0,3450.0
AccountId_3136,3,666.6666666666666,288.6751345948129,500.0,1000.0,500.0
AccountId_3138,2,10000.0,0.0,10000.0,10000.0,0.0
AccountId_314,1,10000.0,0.0,10000.0,10000.0,0.0
AccountId_3140,1,500.0,0.0,500.0,500.0,0.0
AccountId_3141,1,10000.0,0.0,10000.0,10000.0,0.0
AccountId_3143,4,1000.0,408.24829046386304,500.0,1500.0,1000.0
AccountId_3144,2,10250.0,13788.582233137677,500.0,20000.0,19500.0
AccountId_3145,6,1416.6666666666667,1241.638702145945,500.0,3000.0,2500.0
AccountId_3146,2,500.0,0.0,500.0,500.0,0.0
AccountId_3147,1,10000.0,0.0,10000.0,10000.0,0.0
AccountId_3148,1,1000.0,0.0,1000.0,1000.0,0.0
AccountId_3149,17,72058.82352941176,91328.02868522571,5000.0,400000.0,395000.0
AccountId_315,1,500.0,0.0,500.0,500.0,0.0
AccountId_3151,1,1000.0,0.0,1000.0,1000.0,0.0
AccountId_3152,2,4000.0,707.1067811865476,3500.0,4500.0,1000.0
AccountId_3153,2,3900.0,2687.0057685088805,2000.0,5800.0,3800.0
AccountId_3155,22,122090.90909090909,137423.54033144919,1000.0,480000.0,479000.0
AccountId_3156,41,1670.7317073170732,1353.743680029389,500.0,6000.0,5500.0
AccountId_3157,3,8333.333333333334,2886.7513459481293,5000.0,10000.0,5000.0
AccountId_316,9,7888.888888888889,3218.8679859713266,1000.0,10000.0,9000.0
AccountId_3163,1,1000.0,0.0,1000.0,1000.0,0.0
AccountId_3164,38,12444.0,24944.66105255846,500.0,100000.0,99500.0
AccountId_3166,2,2000.0,0.0,2000.0,2000.0,0.0
AccountId_3167,2,13000.0,0.0,13000.0,13000.0,0.0
AccountId_3169,13,3263.076923076923,2248.6731814390187,1000.0,6124.0,5124.0
AccountId_317,1,1000.0,0.0,1000.0,1000.0,0.0
AccountId_3171,17,3990.5882352941176,3307.1522315056714,700.0,10000.0,9300.0
AccountId_3172,9,3500.0,0.0,3500.0,3500.0,0.0
AccountId_3173,49,9313.714285714286,2160.026851684951,1000.0,11000.0,10000.0
AccountId_3174,6,15166.666666666666,5307.2277760302195,10000.0,20000.0,10000.0
AccountId_3175,134,2040.0820895522388,2920.5457725829247,500.0,13000.0,12500.0
AccountId_3178,46,7195.652173913043,3587.7542664358302,3000.0,15000.0,12000.0
AccountId_318,1070,3511.1897196261684,9896.909679841101,500.0,101300.0,100800.0
AccountId_3180,11,2727.2727272727275,2148.9955370316193,500.0,5500.0,5000.0
AccountId_3181,7,1828.5714285714287,1484.0420992616591,900.0,5000.0,4100.0
AccountId_3182,22,3428.6363636363635,7415.247030823622,500.0,36000.0,35500.0
AccountId_3183,19,2957.8947368421054,3260.251488164965,1000.0,11000.0,10000.0
AccountId_3185,155,2399.825806451613,1980.1366644045836,500.0,8000.0,7500.0
AccountId_3186,2,500.0,0.0,500.0,500.0,0.0
AccountId_3187,1,11000.0,0.0,11000.0,11000.0,0.0
AccountId_3188,1,1000.0,0.0,1000.0,1000.0,0.0
AccountId_3189,9,10022.222222222223,9973.311608710743,500.0,28000.0,27500.0
AccountId_319,11,3727.2727272727275,1272.0777563426766,2000.0,5000.0,3000.0
AccountId_3193,7,7285.714285714285,3638.419332360584,1000.0,10000.0,9000.0
AccountId_3194,3,3000.0,1732.0508075688772,2000.0,5000.0,3000.0
AccountId_3195,1,500.0,0.0,500.0,500.0,0.0
AccountId_3196,3,8666.666666666666,2309.4010767585028,6000.0,10000.0,4000.0
AccountId_3197,4,11750.0,3500.0,10000.0,17000.0,7000.0
AccountId_3198,7,11571.42857142857,3735.288603626359,10000.0,20000.0,10000.0
AccountId_3199,1,1500.0,0.0,1500.0,1500.0,0.0
AccountId_32,3,1333.3333333333333,577.3502691896257,1000.0,2000.0,1000.0
AccountId_3200,13,1546.1538461538462,666.6025610204138,1000.0,3000.0,2000.0
AccountId_3201,2,11000.0,12727.922061357855,2000.0,20000.0,18000.0
AccountId_3202,2,11000.0,0.0,11000.0,11000.0,0.0
AccountId_3203,3,8666.666666666666,2309.4010767585028,6000.0,10000.0,4000.0
AccountId_3204,11,1094.5454545454545,570.1993271894249,500.0,2000.0,1500.0
AccountId_3205,1,500.0,0.0,500.0,500.0,0.0
AccountId_3206,1105,2423.076923076923,7202.951195344832,500.0,97650.0,97150.0
AccountId_3207,35,12305.771428571428,4741.523818635637,5001.0,20000.0,14999.0
AccountId_3208,33,12603.030303030304,4676.836861630201,5200.0,20000.0,14800.0
AccountId_3209,9,1111.111111111111,333.3333333333333,1000.0,2000.0,1000.0
AccountId_321,1,100000.0,0.0,100000.0,100000.0,0.0
AccountId_3210,226,3658.809734513274,3810.00442158891,500.0,21000.0,20500.0
AccountId_3211,1,2000.0,0.0,2000.0,2000.0,0.0
AccountId_3213,6,8500.0,2345.207879911715,5000.0,10000.0,5000.0
AccountId_3214,7,15742.857142857143,8358.40039378691,5000.0,30000.0,25000.0
AccountId_3215,3,8666.666666666666,2309.4010767585028,6000.0,10000.0,4000.0
AccountId_3217,7,26928.571428571428,43863.72701468775,1750.0,124850.0,123100.0
AccountId_3218,1,80000.0,0.0,80000.0,80000.0,0.0
AccountId_3219,1,500.0,0.0,500.0,500.0,0.0
AccountId_322,2,10000.0,0.0,10000.0,10000.0,0.0
AccountId_3220,7,25142.85714285714,16836.751185314537,1000.0,50000.0,49000.0
AccountId_3221,1,10000.0,0.0,10000.0,10000.0,0.0
AccountId_3222,23,2391.304347826087,2392.9656464270934,500.0,7000.0,6500.0
AccountId_3223,10,3000.0,1490.7119849998596,1000.0,5000.0,4000.0
AccountId_3225,1,100000.0,0.0,100000.0,100000.0,0.0
AccountId_3226,10,7600.0,3306.5591380365986,1000.0,10000.0,9000.0
AccountId_3227,18,4716.666666666667,3261.044581833539,700.0,10000.0,9300.0
AccountId_3228,34,4524.0,5602.2233032425565,124.0,20000.0,19876.0
AccountId_323,132,7138.257575757576,17742.29201508123,500.0,80000.0,79500.0
AccountId_3230,31,6876.032258064516,9267.000645602191,22.0,50000.0,49978.0
AccountId_3231,3,10000.0,0.0,10000.0,10000.0,0.0
AccountId_3232,1,500.0,0.0,500.0,500.0,0.0
AccountId_3235,9,19533.333333333332,5692.758558027909,5000.0,25000.0,20000.0
AccountId_3236,1,1000000.0,0.0,1000000.0,1000000.0,0.0
AccountId_3237,2,5000.0,0.0,5000.0,5000.0,0.0
AccountId_3238,3,10333.333333333334,577.3502691896255,10000.0,11000.0,1000.0
AccountId_3239,3,2500.0,2291.28784747792,500.0,5000.0,4500.0
AccountId_324,11,1227.2727272727273,937.1135567164836,500.0,3500.0,3000.0
AccountId_3240,4,9000.0,2000.0,6000.0,10000.0,4000.0
AccountId_3242,7,11828.57142857143,11278.551072088749,800.0,33000.0,32200.0
AccountId_3243,1,10000.0,0.0,10000.0,10000.0,0.0
AccountId_3244,62,1701.6129032258063,2246.0524157412287,500.0,13000.0,12500.0
AccountId_3245,1,10000.0,0.0,10000.0,10000.0,0.0
AccountId_325,1,15000.0,0.0,15000.0,15000.0,0.0
AccountId_3250,27,3740.740740740741,6903.692393275403,1000.0,28000.0,27000.0
AccountId_3252,13,7400.0,3536.8630168554732,1000.0,10180.0,9180.0
AccountId_3253,1,5000.0,0.0,5000.0,5000.0,0.0
AccountId_3254,1,500.0,0.0,500.0,500.0,0.0
AccountId_3255,12,1041.6666666666667,334.27896171076077,500.0,2000.0,1500.0
AccountId_3256,3,1000.0,0.0,1000.0,1000.0,0.0
AccountId_3257,3,8666.666666666666,2309.4010767585028,6000.0,10000.0,4000.0
AccountId_3258,2,700.0,141.4213562373095,600.0,800.0,200.0
AccountId_3259,1,1500.0,0.0,1500.0,1500.0,0.0
AccountId_326,39,6952.5641025641025,4294.897503800428,500.0,14000.0,13500.0
AccountId_3260,18,8388.888888888889,2476.688702300831,5000.0,11000.0,6000.0
AccountId_3261,6,8500.0,2738.6127875258308,5000.0,11000.0,6000.0
AccountId_3262,27,16547.222222222223,21947.656626853273,500.0,100000.0,99500.0
AccountId_3263,1,10000.0,0.0,10000.0,10000.0,0.0
AccountId_3265,1,1000.0,0.0,1000.0,1000.0,0.0
AccountId_3266,50,892.0,230.2084237540993,500.0,1500.0,1000.0
AccountId_3268,7,1428.5714285714287,534.5224838248488,1000.0,2000.0,1000.0
AccountId_3269,6,3700.0,3730.951621235526,500.0,10000.0,9500.0
AccountId_327,8,1500.0,534.5224838248488,1000.0,2000.0,1000.0
AccountId_3270,3,8666.666666666666,2309.4010767585028,6000.0,10000.0,4000.0
AccountId_3272,1,5000.0,0.0,5000.0,5000.0,0.0
AccountId_3273,34,32014.70588235294,51344.8656803098,500.0,240000.0,239500.0
AccountId_3274,30,7716.666666666667,4207.307545403497,1500.0,20000.0,18500.0
AccountId_3277,60,4013.3333333333335,10344.677935147181,500.0,50000.0,49500.0
AccountId_3278,28,5392.857142857143,4153.082618741799,500.0,10000.0,9500.0
AccountId_3279,1,20000.0,0.0,20000.0,20000.0,0.0
AccountId_3282,54,1843.7222222222222,2263.513268706428,500.0,12700.0,12200.0
AccountId_3283,29,11188.48275862069,8496.516322338439,1400.0,50000.0,48600.0
AccountId_3285,5,6400.0,6107.372593840988,1000.0,14000.0,13000.0
AccountId_3286,20,1795.0,622.7908325052895,900.0,3000.0,2100.0
AccountId_3287,14,5878.285714285715,5288.539182167291,500.0,12000.0,11500.0
AccountId_3288,2,8000.0,0.0,8000.0,8000.0,0.0
AccountId_329,2,3000.0,2828.42712474619,1000.0,5000.0,4000.0
AccountId_3290,1,500.0,0.0,500.0,500.0,0.0
AccountId_3291,30,1260.0,426.3720247017572,700.0,2000.0,1300.0
AccountId_3292,16,1875.0,1736.8553960150703,500.0,7000.0,6500.0
AccountId_3293,3,4000.0,5196.152422706632,1000.0,10000.0,9000.0
AccountId_3294,5,21400.0,26159.12842584783,1000.0,50000.0,49000.0
AccountId_3295,1,80000.0,0.0,80000.0,80000.0,0.0
AccountId_3296,1,1000.0,0.0,1000.0,1000.0,0.0
AccountId_3297,5,5000.0,0.0,5000.0,5000.0,0.0
AccountId_3299,51,1486.2745098039215,867.1838577471648,500.0,5000.0,4500.0
AccountId_33,26,2307.6923076923076,2165.164765448224,100.0,5000.0,4900.0
AccountId_330,18,8822.222222222223,3675.4440396894747,900.0,15000.0,14100.0
AccountId_3300,152,3040.7894736842104,3535.3907071318004,500.0,15000.0,14500.0
AccountId_3302,1,10000.0,0.0,10000.0,10000.0,0.0
AccountId_3303,1,5000.0,0.0,5000.0,5000.0,0.0
AccountId_3304,2,800.0,282.842712474619,600.0,1000.0,400.0
AccountId_3305,8,1887.5,1419.6956414266103,500.0,5000.0,4500.0
AccountId_3306,7,10857.142857142857,1864.454471471609,10000.0,15000.0,5000.0
AccountId_3307,45,7185.577777777778,9040.667240784047,500.0,41500.0,41000.0
AccountId_3308,2,2000.0,0.0,2000.0,2000.0,0.0
AccountId_3309,1,500.0,0.0,500.0,500.0,0.0
AccountId_331,88,3039.181818181818,3492.8602597510803,500.0,20000.0,19500.0
AccountId_3311,1,500.0,0.0,500.0,500.0,0.0
AccountId_3312,1,12000.0,0.0,12000.0,12000.0,0.0
AccountId_3313,2,1000.0,0.0,1000.0,1000.0,0.0
AccountId_3315,16,3218.75,2810.5085542181387,1000.0,10000.0,9000.0
AccountId_3316,12,3275.0,3591.4355195254575,300.0,11000.0,10700.0
AccountId_3319,2,95000.0,0.0,95000.0,95000.0,0.0
AccountId_332,2,2000.0,0.0,2000.0,2000.0,0.0
AccountId_3325,2,3750.0,4596.194077712559,500.0,7000.0,6500.0
AccountId_3327,25,3840.0,7240.223293057566,500.0,33000.0,32500.0
AccountId_3328,2,500.0,0.0,500.0,500.0,0.0
AccountId_3329,113,3221.238938053097,4551.127241202243,500.0,20000.0,19500.0
AccountId_3331,1,30000.0,0.0,30000.0,30000.0,0.0
AccountId_3332,15,1920.0,1942.8256299965337,500.0,8000.0,7500.0
AccountId_3333,1,500.0,0.0,500.0,500.0,0.0
AccountId_3334,17,6441.176470588235,5407.987012688896,1000.0,20000.0,19000.0
AccountId_3335,81,2390.1234567901233,3240.355109331059,500.0,11000.0,10500.0
AccountId_3336,62,2396.7741935483873,2879.2626413739395,500.0,11000.0,10500.0
AccountId_3337,15,220000.0,181068.2586366652,50000.0,500000.0,450000.0
AccountId_334,2,60000.0,0.0,60000.0,60000.0,0.0
AccountId_3340,16,6312.5,3961.7967304410427,1000.0,10000.0,9000.0
AccountId_3343,14,6428.571428571428,4569.3676673168775,1000.0,14000.0,13000.0
AccountId_3345,3,8666.666666666666,2309.4010767585028,6000.0,10000.0,4000.0
AccountId_3346,14,3392.8571428571427,3793.6108810055252,500.0,11000.0,10500.0
AccountId_3347,6,2010.0,1274.597975833949,1000.0,4000.0,3000.0
AccountId_3348,1,2000.0,0.0,2000.0,2000.0,0.0
AccountId_3349,33,8684.848484848484,8947.804242247132,200.0,50000.0,49800.0
AccountId_335,150,4108.72,6147.514398257113,500.0,30000.0,29500.0
AccountId_3350,6,8500.0,2345.207879911715,5000.0,10000.0,5000.0
AccountId_3352,3,8666.666666666666,2309.4010767585028,6000.0,10000.0,4000.0
AccountId_3353,5,2600.0,2190.8902300206646,1000.0,5000.0,4000.0
AccountId_3354,16,8287.5,14048.434076437132,500.0,40000.0,39500.0
AccountId_3355,53,2501.132075471698,2409.255119787153,500.0,12000.0,11500.0
AccountId_3357,2,1000.0,0.0,1000.0,1000.0,0.0
AccountId_336,3,10000.0,0.0,10000.0,10000.0,0.0
AccountId_3360,3,35000.0,25980.76211353316,5000.0,50000.0,45000.0
AccountId_3361,35,4820.0,11757.170527959923,500.0,50000.0,49500.0
AccountId_3362,70,12463.685714285713,31946.23107957569,500.0,180000.0,179500.0
AccountId_3363,1,500.0,0.0,500.0,500.0,0.0
AccountId_3364,11,1909.090909090909,1338.2485161243749,1000.0,5000.0,4000.0
AccountId_3366,10,12270.0,20215.39842133549,500.0,50000.0,49500.0
AccountId_3369,53,5969.811320754717,4192.786153972833,500.0,10200.0,9700.0
AccountId_337,4,12750.0,4856.267428111155,10000.0,20000.0,10000.0
AccountId_3370,32,3984.375,4708.40767378746,500.0,14000.0,13500.0
AccountId_3372,3,1000.0,0.0,1000.0,1000.0,0.0
AccountId_3373,5,4260.0,1654.6903033498443,1300.0,5000.0,3700.0
AccountId_3374,6,8166.666666666667,2483.27740429189,5000.0,10000.0,5000.0
AccountId_3375,25,5160.0,6282.780700719494,1000.0,20000.0,19000.0
AccountId_3376,35,2700.8571428571427,2681.5188534382037,500.0,10000.0,9500.0
AccountId_3377,6,1333.3333333333333,1032.7955589886444,500.0,3000.0,2500.0
AccountId_3378,7,3341.4285714285716,2037.2401966993532,1000.0,6300.0,5300.0
AccountId_3379,3,8666.666666666666,2309.4010767585028,6000.0,10000.0,4000.0
AccountId_338,1,2000.0,0.0,2000.0,2000.0,0.0
AccountId_3381,33,1597.4545454545455,1346.0427670329861,500.0,7000.0,6500.0
AccountId_3382,2,1000.0,0.0,1000.0,1000.0,0.0
AccountId_3383,8,2112.5,1250.6426919216947,1000.0,5000.0,4000.0
AccountId_3384,40,1617.5,2219.4810550770994,500.0,15000.0,14500.0
AccountId_3385,24,8333.333333333334,2407.7170617153843,5000.0,10000.0,5000.0
AccountId_3386,44,2700.5454545454545,3286.4427751240255,250.0,12824.0,12574.0
AccountId_3390,8,5500.0,3070.597894314954,2000.0,10000.0,8000.0
AccountId_3391,27,2451.8518518518517,3183.052522630339,500.0,16000.0,15500.0
AccountId_3392,2,95000.0,0.0,95000.0,95000.0,0.0
AccountId_3393,29,1193.9655172413793,802.8869553394097,500.0,4500.0,4000.0
AccountId_3394,1,10000.0,0.0,10000.0,10000.0,0.0
AccountId_3395,4,4500.0,2380.4761428476168,1000.0,6000.0,5000.0
AccountId_3396,2,1500.0,707.1067811865476,1000.0,2000.0,1000.0
AccountId_3397,40,5537.5,6421.505834264046,1000.0,26000.0,25000.0
AccountId_34,11,9181.818181818182,1834.0219092574557,5000.0,10000.0,5000.0
AccountId_340,1,500.0,0.0,500.0,500.0,0.0
AccountId_3400,25,1572.0,1200.8746812219833,500.0,5000.0,4500.0
AccountId_3401,11,1263.6363636363637,862.870473793984,200.0,2600.0,2400.0
AccountId_3402,2,1000.0,0.0,1000.0,1000.0,0.0
AccountId_3404,5,4340.0,3785.2344709410013,700.0,10000.0,9300.0
AccountId_3405,3,8333.333333333334,2886.7513459481293,5000.0,10000.0,5000.0
AccountId_3406,2,500.0,0.0,500.0,500.0,0.0
AccountId_3407,3,1000.0,0.0,1000.0,1000.0,0.0
AccountId_3408,21,31464.285714285714,46165.61800424951,500.0,150000.0,149500.0
AccountId_3409,3,8666.666666666666,2309.4010767585028,6000.0,10000.0,4000.0
AccountId_3410,3,8666.666666666666,2309.4010767585028,6000.0,10000.0,4000.0
AccountId_3411,30,2110.0,3109.091229903373,500.0,15000.0,14500.0
AccountId_3412,1,5000.0,0.0,5000.0,5000.0,0.0
AccountId_3413,4,8750.0,2500.0,5000.0,10000.0,5000.0
AccountId_3414,2,50500.0,70003.57133746821,1000.0,100000.0,99000.0
AccountId_3416,3,10333.333333333334,577.3502691896255,10000.0,11000.0,1000.0
AccountId_342,2,10000.0,0.0,10000.0,10000.0,0.0
AccountId_3421,3,8666.666666666666,2309.4010767585028,6000.0,10000.0,4000.0
AccountId_3422,12,5958.333333333333,6800.59600774859,500.0,16000.0,15500.0
AccountId_3423,1,2000.0,0.0,2000.0,2000.0,0.0
AccountId_3424,8,1437.5,1450.0615750472707,500.0,5000.0,4500.0
AccountId_3425,2,1000.0,0.0,1000.0,1000.0,0.0
AccountId_3427,3,666.6666666666666,288.6751345948129,500.0,1000.0,500.0
AccountId_3428,1,1000.0,0.0,1000.0,1000.0,0.0
AccountId_3429,6,11833.333333333334,4490.731195102493,10000.0,21000.0,11000.0
AccountId_343,3,566.6666666666666,115.47005383792515,500.0,700.0,200.0
AccountId_3431,5,10200.0,6723.0945255886445,1000.0,20000.0,19000.0
AccountId_3432,165,5420.0,13453.425531684685,500.0,100000.0,99500.0
AccountId_3433,12,916.6666666666666,1293.9252004047314,500.0,5000.0,4500.0
AccountId_3434,1,10000.0,0.0,10000.0,10000.0,0.0
AccountId_3435,22,11618.181818181818,4150.460257166709,5600.0,20000.0,14400.0
AccountId_3436,3,8333.333333333334,2886.751345948129,5000.0,10000.0,5000.0
AccountId_3437,8,13875.0,7180.081575342403,1000.0,20000.0,19000.0
AccountId_3438,8,49787.5,42468.692250039574,1800.0,100000.0,98200.0
AccountId_3439,27,2229.925925925926,2492.8874504188598,500.0,10000.0,9500.0
AccountId_3440,10,10080.0,7301.263208818351,2800.0,23000.0,20200.0
AccountId_3441,212,2278.301886792453,4303.068556098059,500.0,27500.0,27000.0
AccountId_3442,2,7500.0,3535.5339059327375,5000.0,10000.0,5000.0
AccountId_3443,23,6108.695652173913,5422.923820855169,1000.0,20000.0,19000.0
AccountId_3444,2,15000.0,7071.067811865475,10000.0,20000.0,10000.0
AccountId_3445,11,2590.909090909091,3137.0223287233853,500.0,10000.0,9500.0
AccountId_3447,156,2726.3846153846152,5508.216886658647,500.0,50000.0,49500.0
AccountId_3448,4,45150.0,46361.514211682086,500.0,90000.0,89500.0
AccountId_3450,1,1000.0,0.0,1000.0,1000.0,0.0
AccountId_3453,1,500.0,0.0,500.0,500.0,0.0
AccountId_3455,42,2059.5238095238096,2335.417602371803,500.0,10000.0,9500.0
AccountId_3456,4,6250.0,4627.814458971607,500.0,10000.0,9500.0
AccountId_3457,3,8666.666666666666,2309.4010767585028,6000.0,10000.0,4000.0
AccountId_3458,1,500.0,0.0,500.0,500.0,0.0
AccountId_3459,12,10916.666666666666,16138.369486939184,2000.0,50000.0,48000.0
AccountId_3462,17,9411.764705882353,1660.527910387679,5000.0,10000.0,5000.0
AccountId_3463,1,1000.0,0.0,1000.0,1000.0,0.0
AccountId_3465,21,2761.904761904762,1210.5685401810963,1000.0,5000.0,4000.0
AccountId_3469,1,2000.0,0.0,2000.0,2000.0,0.0
AccountId_347,3,8666.666666666666,2309.4010767585028,6000.0,10000.0,4000.0
AccountId_3470,3,11333.333333333334,2309.401076758503,10000.0,14000.0,4000.0
AccountId_3471,6,8036.666666666667,2575.2799200604713,4000.0,11000.0,7000.0
AccountId_3472,1,1000.0,0.0,1000.0,1000.0,0.0
AccountId_3473,9,6277.777777777777,5142.4162068471705,500.0,12000.0,11500.0
AccountId_3474,48,7383.333333333333,3556.554233269105,1000.0,11000.0,10000.0
AccountId_3475,2,2750.0,3181.9805153394636,500.0,5000.0,4500.0
AccountId_3476,268,9865.350746268658,122090.75765206921,500.0,2000000.0,1999500.0
AccountId_3477,20,4640.0,2897.803160653728,800.0,12000.0,11200.0
AccountId_3478,42,3345.2380952380954,7646.143691859456,500.0,50000.0,49500.0
AccountId_3480,1,50000.0,0.0,50000.0,50000.0,0.0
AccountId_3481,91,10490.10989010989,27443.991671706197,500.0,185000.0,184500.0
AccountId_3483,21,5257.142857142857,5310.326866452895,500.0,12000.0,11500.0
AccountId_3487,2,750.0,353.5533905932738,500.0,1000.0,500.0
AccountId_3488,7,3285.714285714286,3302.2358947782495,1000.0,10000.0,9000.0
AccountId_349,1,1000.0,0.0,1000.0,1000.0,0.0
AccountId_3493,1,1000.0,0.0,1000.0,1000.0,0.0
AccountId_3494,5,2500.0,1936.4916731037085,500.0,5000.0,4500.0
AccountId_3496,3,500.0,0.0,500.0,500.0,0.0
AccountId_3497,1,1000.0,0.0,1000.0,1000.0,0.0
AccountId_3498,22,22590.909090909092,39846.32275667903,500.0,98000.0,97500.0
AccountId_35,1,10550.0,0.0,10550.0,10550.0,0.0
AccountId_350,8,3020.0,3109.947174562846,1000.0,10000.0,9000.0
AccountId_3503,1,5000.0,0.0,5000.0,5000.0,0.0
AccountId_3504,3,70000.0,112583.30249197703,5000.0,200000.0,195000.0
AccountId_3505,4,12675.0,4894.469668241221,10000.0,20000.0,10000.0
AccountId_3506,1,1000.0,0.0,1000.0,1000.0,0.0
AccountId_3507,262,3311.0687022900765,7743.84390298057,500.0,50000.0,49500.0
AccountId_3509,1,2000.0,0.0,2000.0,2000.0,0.0
AccountId_351,1,11984.0,0.0,11984.0,11984.0,0.0
AccountId_3510,3,10000.0,0.0,10000.0,10000.0,0.0
AccountId_3511,1,500.0,0.0,500.0,500.0,0.0
AccountId_3512,2,500.0,0.0,500.0,500.0,0.0
AccountId_3514,46,23250.0,29631.95534853847,1000.0,100000.0,99000.0
AccountId_3515,29,6244.827586206897,5043.637165981408,1000.0,20000.0,19000.0
AccountId_3516,1,2000.0,0.0,2000.0,2000.0,0.0
AccountId_3517,3,8400.0,2771.2812921102036,5200.0,10000.0,4800.0
AccountId_3518,1,1000.0,0.0,1000.0,1000.0,0.0
AccountId_3519,1,2000000.0,0.0,2000000.0,2000000.0,0.0
AccountId_352,247,13089.878542510121,96094.39094094097,500.0,1115000.0,1114500.0
AccountId_3520,36,9889.722222222223,14582.74234176649,500.0,59000.0,58500.0
AccountId_3523,4,7500.0,2886.7513459481293,5000.0,10000.0,5000.0
AccountId_3524,1,20000.0,0.0,20000.0,20000.0,0.0
AccountId_3527,15,3714.2,3858.870526832579,625.0,11000.0,10375.0
AccountId_353,23,3869.5652173913045,1604.095548788871,1000.0,5000.0,4000.0
AccountId_3530,10,3514.0,5918.9816128565,500.0,20000.0,19500.0
AccountId_3531,5,2900.0,2274.862633215465,500.0,6000.0,5500.0
AccountId_3532,3,8666.666666666666,2309.4010767585028,6000.0,10000.0,4000.0
AccountId_3533,38,3026.315789473684,2852.091144683457,1000.0,10000.0,9000.0
AccountId_3534,7,9428.57142857143,1988.05959477601,5000.0,11000.0,6000.0
AccountId_3536,3,8666.666666666666,2309.4010767585028,6000.0,10000.0,4000.0
AccountId_3538,2,4500.0,4949.747468305833,1000.0,8000.0,7000.0
AccountId_354,12,10950.0,4566.180022732349,2000.0,20000.0,18000.0
AccountId_3540,4,6500.0,4358.898943540674,1000.0,10000.0,9000.0
AccountId_3545,24,8333.333333333334,2407.7170617153843,5000.0,10000.0,5000.0
AccountId_3547,21,11709.52380952381,7094.498203671967,5000.0,33000.0,28000.0
AccountId_3548,3,8666.666666666666,2309.4010767585028,6000.0,10000.0,4000.0
AccountId_3550,3,8666.666666666666,2309.4010767585028,6000.0,10000.0,4000.0
AccountId_3551,14,2357.1428571428573,5111.93389353463,500.0,20000.0,19500.0
AccountId_3552,69,1648.5507246376812,1439.259690586795,500.0,7000.0,6500.0
AccountId_3553,4,2175.0,1890.5466581564885,1000.0,5000.0,4000.0
AccountId_3555,10,7600.0,3502.380143083653,1000.0,11000.0,10000.0
AccountId_3556,3,1000.0,0.0,1000.0,1000.0,0.0
AccountId_3557,1,10000.0,0.0,10000.0,10000.0,0.0
AccountId_3560,2,1000.0,0.0,1000.0,1000.0,0.0
AccountId_3562,26,7519.2307692307695,11276.95062437605,1000.0,50000.0,49000.0
AccountId_3563,5,3200.0,3850.3246616356914,1000.0,10000.0,9000.0
AccountId_3564,5,3060.0,2695.9228475607383,800.0,6000.0,5200.0
AccountId_3565,4,6500.0,4358.898943540674,1000.0,10000.0,9000.0
AccountId_3567,2,500.0,0.0,500.0,500.0,0.0
AccountId_3568,1,50000.0,0.0,50000.0,50000.0,0.0
AccountId_3569,26,11434.615384615385,5264.518386913835,5000.0,20000.0,15000.0
AccountId_357,2,25500.0,34648.23227814083,1000.0,50000.0,49000.0
AccountId_3570,19,4526.315789473684,4392.144769075198,500.0,10000.0,9500.0
AccountId_3571,1,2000.0,0.0,2000.0,2000.0,0.0
AccountId_3573,35,10139.885714285714,25591.920792877347,700.0,150000.0,149300.0
AccountId_3574,1,1000.0,0.0,1000.0,1000.0,0.0
AccountId_3575,2,10000.0,0.0,10000.0,10000.0,0.0
AccountId_3576,82,3514.6341463414633,6423.646938301906,500.0,29000.0,28500.0
AccountId_3577,3,8333.333333333334,2886.7513459481293,5000.0,10000.0,5000.0
AccountId_3578,3,8333.333333333334,2886.7513459481293,5000.0,10000.0,5000.0
AccountId_3579,7,5714.285714285715,6725.927091345492,1000.0,20000.0,19000.0
AccountId_3581,15,2006.6666666666667,1400.238074995344,800.0,5800.0,5000.0
AccountId_3582,1,28000.0,0.0,28000.0,28000.0,0.0
AccountId_3584,1,500.0,0.0,500.0,500.0,0.0
AccountId_3585,1,1000.0,0.0,1000.0,1000.0,0.0
AccountId_3588,1,200000.0,0.0,200000.0,200000.0,0.0
AccountId_3589,3,1000.0,0.0,1000.0,1000.0,0.0
AccountId_359,3,5666.666666666667,4041.4518843273804,2000.0,10000.0,8000.0
AccountId_3591,17,4102.941176470588,3641.1910220178684,1000.0,10250.0,9250.0
AccountId_3592,2,3000.0,2828.42712474619,1000.0,5000.0,4000.0
AccountId_3593,9,3166.6666666666665,4451.123453691214,500.0,11000.0,10500.0
AccountId_3595,465,3953.159139784946,13155.750760060284,500.0,200000.0,199500.0
AccountId_3596,5,1200.0,570.087712549569,500.0,2000.0,1500.0
AccountId_3597,6,8500.0,2345.207879911715,5000.0,10000.0,5000.0
AccountId_3598,13,8538.461538461539,3573.4060459498255,1000.0,15000.0,14000.0
AccountId_36,29,9525.310344827587,1575.5563439951773,5000.0,11000.0,6000.0
AccountId_360,9,5000.0,6887.4886569779555,500.0,20000.0,19500.0
AccountId_3600,19,3023.157894736842,1502.8012829068361,900.0,6000.0,5100.0
AccountId_3601,29,8793.103448275862,2177.470851778464,5000.0,10000.0,5000.0
AccountId_3602,4,10000.0,0.0,10000.0,10000.0,0.0
AccountId_3603,4,1750.0,957.4271077563382,1000.0,3000.0,2000.0
AccountId_3604,1,80000.0,0.0,80000.0,80000.0,0.0
AccountId_3605,52,2998.2115384615386,4902.804544885963,500.0,18500.0,18000.0
AccountId_3606,12,8416.666666666666,2353.269807709857,5000.0,10000.0,5000.0
AccountId_3607,1,1000.0,0.0,1000.0,1000.0,0.0
AccountId_3608,3,1000.0,0.0,1000.0,1000.0,0.0
AccountId_361,14,9357.142857142857,26319.1861659809,500.0,100000.0,99500.0
AccountId_3610,6,8500.0,2345.207879911715,5000.0,10000.0,5000.0
AccountId_3611,8,2040.625,1500.8293838027407,625.0,4000.0,3375.0
AccountId_3612,1,5000.0,0.0,5000.0,5000.0,0.0
AccountId_3613,15,2480.0,2792.6433970088524,1000.0,10000.0,9000.0
AccountId_3615,3,10000.0,0.0,10000.0,10000.0,0.0
AccountId_3617,32,7365.625,13068.692196459691,500.0,50000.0,49500.0
AccountId_3618,6,8500.0,2345.207879911715,5000.0,10000.0,5000.0
AccountId_362,3,8666.666666666666,2309.4010767585028,6000.0,10000.0,4000.0
AccountId_3620,2,1000.0,0.0,1000.0,1000.0,0.0
AccountId_3621,8,1600.0,437.52550946038724,1000.0,2100.0,1100.0
AccountId_3623,10,8600.0,2270.5848487901867,5000.0,10000.0,5000.0
AccountId_3625,1,5000.0,0.0,5000.0,5000.0,0.0
AccountId_3626,7,8714.285714285714,2563.479777846623,5000.0,11000.0,6000.0
AccountId_3627,2,1000.0,0.0,1000.0,1000.0,0.0
AccountId_3628,7,8714.285714285714,2214.669705568283,5000.0,10000.0,5000.0
AccountId_3629,1,1000.0,0.0,1000.0,1000.0,0.0
AccountId_363,1,200000.0,0.0,200000.0,200000.0,0.0
AccountId_3630,15,3227.2,4544.87144561239,500.0,11936.0,11436.0
AccountId_3631,3,2666.6666666666665,1527.5252316519468,1000.0,4000.0,3000.0
AccountId_3632,1,1000.0,0.0,1000.0,1000.0,0.0
AccountId_3633,1,500.0,0.0,500.0,500.0,0.0
AccountId_3634,11,1545.4545454545455,1293.3395813657264,1000.0,5000.0,4000.0
AccountId_3635,1,500.0,0.0,500.0,500.0,0.0
AccountId_3636,3,192000.0,267005.61791842506,26000.0,500000.0,474000.0
AccountId_3638,4,6500.0,4358.898943540674,1000.0,10000.0,9000.0
AccountId_364,4,750.0,288.67513459481285,500.0,1000.0,500.0
AccountId_3640,1,1000.0,0.0,1000.0,1000.0,0.0
AccountId_3645,11,8054.545454545455,7467.7123185569535,400.0,21000.0,20600.0
AccountId_3646,11,9181.818181818182,3219.2602199319585,5000.0,16000.0,11000.0
AccountId_3647,1,80000.0,0.0,80000.0,80000.0,0.0
AccountId_3649,65,1929.7692307692307,2314.993998164674,500.0,10000.0,9500.0
AccountId_365,1,1000.0,0.0,1000.0,1000.0,0.0
AccountId_3650,12,8416.666666666666,2353.269807709857,5000.0,10000.0,5000.0
AccountId_3652,3,8666.666666666666,2309.4010767585028,6000.0,10000.0,4000.0
AccountId_3655,10,6350.0,9837.71089001682,1000.0,25000.0,24000.0
AccountId_3657,39,2525.641025641026,2811.977946750196,1000.0,10000.0,9000.0
AccountId_3658,1,500.0,0.0,500.0,500.0,0.0
AccountId_366,3,10000.0,0.0,10000.0,10000.0,0.0
AccountId_3660,1,5000.0,0.0,5000.0,5000.0,0.0
AccountId_3661,2,9000.0,9899.494936611665,2000.0,16000.0,14000.0
AccountId_3662,2,1000.0,0.0,1000.0,1000.0,0.0
AccountId_3663,1,10000.0,0.0,10000.0,10000.0,0.0
AccountId_3665,3,8666.666666666666,2309.4010767585028,6000.0,10000.0,4000.0
AccountId_3666,2,1200.0,282.842712474619,1000.0,1400.0,400.0
AccountId_3667,2,2000.0,0.0,2000.0,2000.0,0.0
AccountId_3668,31,1969.3548387096773,2555.9954818476904,50.0,12000.0,11950.0
AccountId_367,2,500.0,0.0,500.0,500.0,0.0
AccountId_3671,5,404200.0,543900.9100930059,1000.0,1000000.0,999000.0
AccountId_3672,29,5406.0,6087.600559451037,500.0,28606.0,28106.0
AccountId_3674,32,1828.125,2077.2553813517584,500.0,12000.0,11500.0
AccountId_3676,1,5000.0,0.0,5000.0,5000.0,0.0
AccountId_3677,3,8333.333333333334,2886.7513459481293,5000.0,10000.0,5000.0
AccountId_3678,5,1700.0,1857.417562100671,500.0,5000.0,4500.0
AccountId_3679,15,6413.333333333333,4318.377120213212,1000.0,11000.0,10000.0
AccountId_368,25,29428.0,98041.08628529163,5000.0,500000.0,495000.0
AccountId_3682,4,2975.0,1571.3582235335984,1500.0,5000.0,3500.0
AccountId_3683,22,6863.636363636364,13459.977550909796,1000.0,50000.0,49000.0
AccountId_3684,33,12409.09090909091,38334.558198481005,500.0,200000.0,199500.0
AccountId_3685,4,6500.0,4358.898943540674,1000.0,10000.0,9000.0
AccountId_3686,1,800000.0,0.0,800000.0,800000.0,0.0
AccountId_3688,3,1000.0,866.0254037844386,500.0,2000.0,1500.0
AccountId_3689,12,11207.916666666666,12293.12917082571,500.0,28000.0,27500.0
AccountId_369,6,9800.0,4076.763422127902,5300.0,17000.0,11700.0
AccountId_3690,53,3441.509433962264,5019.325497218194,500.0,18000.0,17500.0
AccountId_3691,2,10000.0,0.0,10000.0,10000.0,0.0
AccountId_3692,1,700000.0,0.0,700000.0,700000.0,0.0
AccountId_3693,36,2011.111111111111,1620.013717363049,500.0,6000.0,5500.0
AccountId_3694,6,1616.6666666666667,881.8541073594128,500.0,2500.0,2000.0
AccountId_3695,4,8000.0,4690.41575982343,1000.0,11000.0,10000.0
AccountId_3696,1,2000.0,0.0,2000.0,2000.0,0.0
AccountId_3697,2,3000.0,2828.42712474619,1000.0,5000.0,4000.0
AccountId_3699,3,10666.666666666666,8144.527815247077,5000.0,20000.0,15000.0
AccountId_370,21,700.0,457.1651780264984,500.0,2000.0,1500.0
AccountId_3700,2,300.0,282.842712474619,100.0,500.0,400.0
AccountId_3701,2,750.0,353.5533905932738,500.0,1000.0,500.0
AccountId_3702,2,37500.0,17677.66952966369,25000.0,50000.0,25000.0
AccountId_3703,12,10500.0,3343.9225741362766,5000.0,20000.0,15000.0
AccountId_3704,50,13339.0,30127.090138346946,1000.0,150000.0,149000.0
AccountId_3706,2,5500.0,707.1067811865476,5000.0,6000.0,1000.0
AccountId_3707,8,4875.0,2601.510550210616,2000.0,10000.0,8000.0
AccountId_3708,4,8000.0,2309.4010767585028,6000.0,10000.0,4000.0
AccountId_3709,18,2555.5555555555557,3510.0229967777273,500.0,10000.0,9500.0
AccountId_371,1,10000.0,0.0,10000.0,10000.0,0.0
AccountId_3710,128,2198.90625,2917.0036277608715,500.0,11400.0,10900.0
AccountId_3711,8,7543.75,5520.833108715179,1000.0,16000.0,15000.0
AccountId_3712,2,500.0,0.0,500.0,500.0,0.0
AccountId_3713,9,1288.888888888889,664.1619615057091,500.0,2300.0,1800.0
AccountId_3714,26,6884.615384615385,12887.441710679192,1000.0,50000.0,49000.0
AccountId_3715,13,6057.692307692308,3974.0746382987363,1500.0,15000.0,13500.0
AccountId_3716,2,500.0,0.0,500.0,500.0,0.0
AccountId_3717,7,7285.714285714285,3638.419332360584,1000.0,10000.0,9000.0
AccountId_3718,5,22300.0,43487.92935976602,500.0,100000.0,99500.0
AccountId_3719,7,715.7142857142857,265.9484375373757,500.0,1000.0,500.0
AccountId_372,12,9500.0,6302.957458786528,5000.0,28000.0,23000.0
AccountId_3721,4,15000.0,5773.502691896258,10000.0,20000.0,10000.0
AccountId_3722,5,11800.0,9338.094023943002,5000.0,28000.0,23000.0
AccountId_3723,7,3085.714285714286,3180.895351641616,600.0,10000.0,9400.0
AccountId_3724,12,44308.333333333336,11236.321650897336,14000.0,50000.0,36000.0
AccountId_3725,9,6288.888888888889,2729.672345009765,1600.0,10000.0,8400.0
AccountId_3726,4,2000.0,2121.3203435596424,500.0,5000.0,4500.0
AccountId_3727,3,666.6666666666666,288.6751345948129,500.0,1000.0,500.0
AccountId_3728,2,10000.0,0.0,10000.0,10000.0,0.0
AccountId_373,1,2000.0,0.0,2000.0,2000.0,0.0
AccountId_3730,21,2585.714285714286,6293.988061180742,1000.0,30000.0,29000.0
AccountId_3731,21,2642.8571428571427,3772.077866186146,500.0,15000.0,14500.0
AccountId_3732,1,500.0,0.0,500.0,500.0,0.0
AccountId_3733,3,8733.333333333334,2367.136103677466,6000.0,10100.0,4100.0
AccountId_3734,1,500.0,0.0,500.0,500.0,0.0
AccountId_3736,5,5000.0,4582.57569495584,1000.0,10000.0,9000.0
AccountId_3737,1,1000.0,0.0,1000.0,1000.0,0.0
AccountId_3738,28,2875.535714285714,2137.0450953168934,500.0,6850.0,6350.0
AccountId_3739,10,2100.0,1286.6839377079189,1000.0,5000.0,4000.0
AccountId_374,2,25500.0,34648.23227814083,1000.0,50000.0,49000.0
AccountId_3740,36,6520.833333333333,14771.397917210526,500.0,70000.0,69500.0
AccountId_3741,25,1768.0,1332.2036881298095,700.0,5000.0,4300.0
AccountId_3742,4,1250.0,500.0,1000.0,2000.0,1000.0
AccountId_3743,3,5333.333333333333,4509.249752822894,1000.0,10000.0,9000.0
AccountId_3744,24,2658.3333333333335,5882.3181371519395,500.0,30000.0,29500.0
AccountId_3745,41,15568.292682926829,11699.624759461094,1000.0,30000.0,29000.0
AccountId_3746,16,8125.0,9180.59547814483,1000.0,30000.0,29000.0
AccountId_3747,2,12500.0,3535.5339059327375,10000.0,15000.0,5000.0
AccountId_3748,11,5645.454545454545,1855.458776887073,3000.0,10000.0,7000.0
AccountId_3749,4,1500.0,577.3502691896257,1000.0,2000.0,1000.0
AccountId_375,1,1000.0,0.0,1000.0,1000.0,0.0
AccountId_3750,62,30919.354838709678,36245.089384563194,1000.0,125000.0,124000.0
AccountId_3751,1,500.0,0.0,500.0,500.0,0.0
AccountId_3753,2,8500.0,9192.388155425118,2000.0,15000.0,13000.0
AccountId_3754,5,9100.0,9952.38664843765,1500.0,20000.0,18500.0
AccountId_3755,27,3425.925925925926,4738.759379398837,1000.0,20000.0,19000.0
AccountId_3756,29,2368.9655172413795,1259.847906998489,500.0,5500.0,5000.0
AccountId_3757,2,500.0,0.0,500.0,500.0,0.0
AccountId_3758,11,2197.7272727272725,2864.883386489199,500.0,10000.0,9500.0
AccountId_3759,15,11186.666666666666,14165.393780350088,2500.0,50000.0,47500.0
AccountId_376,4,2875.0,2462.214450449026,500.0,5000.0,4500.0
AccountId_3760,9,10111.111111111111,3018.4617127124725,4000.0,16000.0,12000.0
AccountId_3761,65,5659.092307692307,9364.248434409788,500.0,50000.0,49500.0
AccountId_3762,13,5038.461538461538,1941.450686788302,500.0,10000.0,9500.0
AccountId_3763,12,7166.666666666667,3857.3031873042955,1000.0,11000.0,10000.0
AccountId_3764,1,10000.0,0.0,10000.0,10000.0,0.0
AccountId_3766,1,500.0,0.0,500.0,500.0,0.0
AccountId_3768,10,5100.0,3107.3389830457113,1000.0,10000.0,9000.0
AccountId_3769,2,2000.0,0.0,2000.0,2000.0,0.0
AccountId_377,13,9692.307692307691,1436.6984945013908,5000.0,11000.0,6000.0
AccountId_3770,52,6905.576923076923,3850.2978817593507,500.0,11000.0,10500.0
AccountId_3771,4,10000.0,4082.48290463863,5000.0,15000.0,10000.0
AccountId_3772,9,3055.5555555555557,3694.9665462325606,500.0,10000.0,9500.0
AccountId_3773,30,2300.0,915.385729888094,1000.0,5000.0,4000.0
AccountId_3775,10,1560.0,783.4397090892047,500.0,3100.0,2600.0
AccountId_3776,4,6500.0,4358.898943540674,1000.0,10000.0,9000.0
AccountId_3777,1,500.0,0.0,500.0,500.0,0.0
AccountId_3778,1,80000.0,0.0,80000.0,80000.0,0.0
AccountId_378,8,1125.0,582.4823725107175,500.0,2000.0,1500.0
AccountId_3781,7,1471.4285714285713,402.96519996266727,1100.0,2000.0,900.0
AccountId_3782,1,500.0,0.0,500.0,500.0,0.0
AccountId_3783,8,100625.0,69907.9752245765,2000.0,160000.0,158000.0
AccountId_3784,2,1000.0,0.0,1000.0,1000.0,0.0
AccountId_3785,1,2000.0,0.0,2000.0,2000.0,0.0
AccountId_3786,30,1356.6666666666667,821.1360227246714,1000.0,5000.0,4000.0
AccountId_3787,4,4250.0,1500.0,2000.0,5000.0,3000.0
AccountId_379,3,1000.0,0.0,1000.0,1000.0,0.0
AccountId_3790,2,20000.0,0.0,20000.0,20000.0,0.0
AccountId_3791,7,6714.285714285715,3817.25406168211,2000.0,11000.0,9000.0
AccountId_3792,17,1941.1764705882354,1028.991510855053,1000.0,5000.0,4000.0
AccountId_3794,24,2991.6666666666665,2684.7259866117447,500.0,10000.0,9500.0
AccountId_3795,94,10202.127659574468,14209.999347146133,500.0,50000.0,49500.0
AccountId_3796,9,23888.88888888889,31600.808709764235,5000.0,100000.0,95000.0
AccountId_3797,10,261150.0,391309.6280440848,1500.0,1000000.0,998500.0
AccountId_3798,3,6666.666666666667,2886.751345948129,5000.0,10000.0,5000.0
AccountId_3799,2,5000.0,0.0,5000.0,5000.0,0.0
AccountId_380,2,6000.0,1414.213562373095,5000.0,7000.0,2000.0
AccountId_3800,2,3000.0,2828.42712474619,1000.0,5000.0,4000.0
AccountId_3801,5,2000.0,1224.744871391589,1000.0,4000.0,3000.0
AccountId_3802,14,6939.285714285715,4238.658104574197,1100.0,15000.0,13900.0
AccountId_3803,4,1750.0,500.0,1000.0,2000.0,1000.0
AccountId_3804,11,1636.3636363636363,504.524979109513,1000.0,2000.0,1000.0
AccountId_3807,2,24000.0,5656.85424949238,20000.0,28000.0,8000.0
AccountId_3809,121,6380.421487603306,7670.906329276511,500.0,70000.0,69500.0
AccountId_381,2,500.0,0.0,500.0,500.0,0.0
AccountId_3810,47,9142.127659574468,3883.3675078132965,1000.0,20000.0,19000.0
AccountId_3811,15,11680.666666666666,4477.487284287067,5200.0,20000.0,14800.0
AccountId_3812,9,955.5555555555555,133.33333333333334,600.0,1000.0,400.0
AccountId_3813,12,1150.0,838.2882992904485,500.0,3500.0,3000.0
AccountId_3814,1,5000.0,0.0,5000.0,5000.0,0.0
AccountId_3815,3,8333.333333333334,2886.7513459481293,5000.0,10000.0,5000.0
AccountId_3817,1,1000.0,0.0,1000.0,1000.0,0.0
AccountId_3818,3,8666.666666666666,2309.4010767585028,6000.0,10000.0,4000.0
AccountId_3819,7,837.8571428571429,153.40189978335619,700.0,1000.0,300.0
AccountId_382,21,2026.095238095238,2228.3851082064316,500.0,10000.0,9500.0
AccountId_3822,1,500.0,0.0,500.0,500.0,0.0
AccountId_3823,3,160000.0,103923.04845413264,100000.0,280000.0,180000.0
AccountId_3824,3,1000.0,0.0,1000.0,1000.0,0.0
AccountId_3827,1,9000.0,0.0,9000.0,9000.0,0.0
AccountId_3829,1,1000.0,0.0,1000.0,1000.0,0.0
AccountId_383,28,12525.0,4396.85283069775,10000.0,20000.0,10000.0
AccountId_3830,32,16905.375,23075.122507975215,800.0,100000.0,99200.0
AccountId_3831,20,4859.5,4383.829706402478,500.0,11500.0,11000.0
AccountId_3832,7,370714.28571428574,325197.74204101023,50000.0,700000.0,650000.0
AccountId_3833,2,750.0,353.5533905932738,500.0,1000.0,500.0
AccountId_3834,5,5200.0,4381.780460041329,2000.0,10000.0,8000.0
AccountId_3836,11,2281.818181818182,1798.2314544119074,600.0,5000.0,4400.0
AccountId_3837,4,1275.0,838.1527307120105,600.0,2500.0,1900.0
AccountId_3838,5,10000.0,6123.724356957945,5000.0,20000.0,15000.0
AccountId_3839,2,750.0,353.5533905932738,500.0,1000.0,500.0
AccountId_384,14,1000.0,0.0,1000.0,1000.0,0.0
AccountId_3840,5,8400.0,2190.8902300206646,6000.0,10000.0,4000.0
AccountId_3844,1,10000.0,0.0,10000.0,10000.0,0.0
AccountId_3845,1,2000.0,0.0,2000.0,2000.0,0.0
AccountId_3846,11,10090.90909090909,4134.115273055299,5000.0,21000.0,16000.0
AccountId_3847,1,1000.0,0.0,1000.0,1000.0,0.0
AccountId_3848,4,6500.0,4358.898943540674,1000.0,10000.0,9000.0
AccountId_385,2,10000.0,0.0,10000.0,10000.0,0.0
AccountId_3850,42,2756.1428571428573,2979.661664959742,500.0,10000.0,9500.0
AccountId_3852,1,1000.0,0.0,1000.0,1000.0,0.0
AccountId_3853,3,833.3333333333334,288.67513459481285,500.0,1000.0,500.0
AccountId_3854,3,8333.333333333334,2886.7513459481293,5000.0,10000.0,5000.0
AccountId_3855,5,5200.0,4549.72526643093,1000.0,10000.0,9000.0
AccountId_3856,2,750.0,353.5533905932738,500.0,1000.0,500.0
AccountId_3857,1,80000.0,0.0,80000.0,80000.0,0.0
AccountId_3859,6,5833.333333333333,2041.241452319315,5000.0,10000.0,5000.0
AccountId_386,1,1000.0,0.0,1000.0,1000.0,0.0
AccountId_3860,23,1978.2608695652175,1895.198843426853,500.0,5000.0,4500.0
AccountId_3862,1,500.0,0.0,500.0,500.0,0.0
AccountId_3863,21,3488.095238095238,1592.7888091257394,300.0,5000.0,4700.0
AccountId_3864,3,1716.6666666666667,1445.9714151162648,150.0,3000.0,2850.0
AccountId_3865,29,10108.275862068966,9201.539785339315,500.0,40000.0,39500.0
AccountId_3866,85,2181.294117647059,2505.1141919772717,200.0,14000.0,13800.0
AccountId_3867,1,10000.0,0.0,10000.0,10000.0,0.0
AccountId_3868,54,3022.5,6060.83123307761,500.0,30000.0,29500.0
AccountId_3869,80,11291.9,20373.31283725249,500.0,115000.0,114500.0
AccountId_387,16,2943.8125,1995.2326587393259,500.0,6000.0,5500.0
AccountId_3871,2,130000.0,169705.6274847714,10000.0,250000.0,240000.0
AccountId_3872,21,10714.285714285714,18843.308778298087,600.0,80000.0,79400.0
AccountId_3873,134,3492.5373134328356,4163.024256144067,500.0,20000.0,19500.0
AccountId_3875,1,10000.0,0.0,10000.0,10000.0,0.0
AccountId_3876,12,5250.0,4110.629237388447,500.0,11000.0,10500.0
AccountId_3877,12,1033.3333333333333,377.3913650631694,500.0,1500.0,1000.0
AccountId_3878,37,1629.7297297297298,2788.330331226204,500.0,11250.0,10750.0
AccountId_3879,4,12500.0,5000.0,10000.0,20000.0,10000.0
AccountId_388,25,5503.84,5520.261042136805,256.0,19500.0,19244.0
AccountId_3880,8,3340.0,2652.0504196887787,1500.0,9720.0,8220.0
AccountId_3881,5,500.0,0.0,500.0,500.0,0.0
AccountId_3882,7,11000.0,8962.8864398325,2000.0,30000.0,28000.0
AccountId_3883,1,2000.0,0.0,2000.0,2000.0,0.0
AccountId_3884,14,900.0,199.99999999999997,500.0,1000.0,500.0
AccountId_3886,1,20000.0,0.0,20000.0,20000.0,0.0
AccountId_3887,82,2572.9268292682927,3617.9500122135787,500.0,20000.0,19500.0
AccountId_3888,10,950.0,497.2144630058766,500.0,2000.0,1500.0
AccountId_3889,1,500.0,0.0,500.0,500.0,0.0
AccountId_3890,192,2394.2708333333335,2639.910852370629,500.0,15000.0,14500.0
AccountId_3891,20,18550.0,40922.873542156936,1000.0,160000.0,159000.0
AccountId_3892,7,1571.4285714285713,1511.8578920369089,1000.0,5000.0,4000.0
AccountId_3894,1,2000.0,0.0,2000.0,2000.0,0.0
AccountId_3895,1,2000.0,0.0,2000.0,2000.0,0.0
AccountId_3896,1,10000.0,0.0,10000.0,10000.0,0.0
AccountId_3897,7,59971.42857142857,53693.00743690046,800.0,155000.0,154200.0
AccountId_3898,3,156666.66666666666,11547.005383792513,150000.0,170000.0,20000.0
AccountId_39,5,9000.0,2236.06797749979,5000.0,10000.0,5000.0
AccountId_390,1,1500.0,0.0,1500.0,1500.0,0.0
AccountId_3900,42,2177.8333333333335,1736.3065919649137,100.0,5500.0,5400.0
AccountId_3901,42,5369.047619047619,3895.055533292589,500.0,12000.0,11500.0
AccountId_3902,4,5050.0,3522.7829907617074,2000.0,10000.0,8000.0
AccountId_3903,34,2141.176470588235,2576.4807624800133,500.0,10000.0,9500.0
AccountId_3905,8,750.0,534.5224838248488,500.0,2000.0,1500.0
AccountId_3907,15,2233.3333333333335,2940.035633085001,500.0,11500.0,11000.0
AccountId_3909,4,575.0,50.0,500.0,600.0,100.0
AccountId_3910,2,1500.0,707.1067811865476,1000.0,2000.0,1000.0
AccountId_3911,30,1503.3333333333333,1334.291322512941,500.0,7000.0,6500.0
AccountId_3912,3,500.0,0.0,500.0,500.0,0.0
AccountId_3914,3,8666.666666666666,2309.4010767585028,6000.0,10000.0,4000.0
AccountId_3915,1,50000.0,0.0,50000.0,50000.0,0.0
AccountId_3916,1,2000.0,0.0,2000.0,2000.0,0.0
AccountId_3917,15,5733.333333333333,4894.846658428005,500.0,11000.0,10500.0
AccountId_3918,31,2641.935483870968,7132.9645166437585,500.0,40000.0,39500.0
AccountId_3919,4,6500.0,4358.898943540674,1000.0,10000.0,9000.0
AccountId_3921,3,500.0,0.0,500.0,500.0,0.0
AccountId_3922,4,6250.0,2500.0,5000.0,10000.0,5000.0
AccountId_3923,1,2000.0,0.0,2000.0,2000.0,0.0
AccountId_3924,12,1862.5,2898.0498929138853,600.0,11000.0,10400.0
AccountId_3925,211,13835.545023696683,12953.099171777989,1000.0,120000.0,119000.0
AccountId_3926,2,36500.0,50204.581464244875,1000.0,72000.0,71000.0
AccountId_3927,6,8500.0,2345.207879911715,5000.0,10000.0,5000.0
AccountId_3929,5,4800.0,8497.058314499202,1000.0,20000.0,19000.0
AccountId_393,3,8333.333333333334,2886.7513459481293,5000.0,10000.0,5000.0
AccountId_3930,1,10000.0,0.0,10000.0,10000.0,0.0
AccountId_3931,3,2500.0,1322.8756555322952,1500.0,4000.0,2500.0
AccountId_3932,3,1166.6666666666667,288.6751345948129,1000.0,1500.0,500.0
AccountId_3933,16,6887.5,6957.669629025703,500.0,28000.0,27500.0
AccountId_3934,3,8333.333333333334,2886.7513459481293,5000.0,10000.0,5000.0
AccountId_3935,1,500.0,0.0,500.0,500.0,0.0
AccountId_3936,23,3555.4347826086955,1118.439368295555,675.0,5000.0,4325.0
AccountId_3937,83,1634.9397590361446,1748.618530331717,500.0,11000.0,10500.0
AccountId_3938,3,500.0,0.0,500.0,500.0,0.0
AccountId_3939,3,10333.333333333334,577.3502691896255,10000.0,11000.0,1000.0
AccountId_3940,4,12750.0,4856.267428111155,10000.0,20000.0,10000.0
AccountId_3941,4,9000.0,2000.0,6000.0,10000.0,4000.0
AccountId_3942,12,2937.5,3379.5592100961117,500.0,11000.0,10500.0
AccountId_3943,17,346412.9411764706,1205785.4100531568,500.0,5000000.0,4999500.0
AccountId_3944,28,7764.642857142857,3281.649858478322,500.0,10000.0,9500.0
AccountId_3945,12,850.0,243.08621740219888,500.0,1200.0,700.0
AccountId_3946,1,20000.0,0.0,20000.0,20000.0,0.0
AccountId_3947,21,3423.809523809524,2444.770901721624,500.0,10000.0,9500.0
AccountId_3948,21,5033.333333333333,6442.696123001094,1000.0,19000.0,18000.0
AccountId_3949,2,1500.0,707.1067811865476,1000.0,2000.0,1000.0
AccountId_3950,6,5166.666666666667,4355.073669487884,1000.0,10000.0,9000.0
AccountId_3952,19,3605.2631578947367,6529.716148689477,1000.0,30000.0,29000.0
AccountId_3953,1,500.0,0.0,500.0,500.0,0.0
AccountId_3954,6,666.6666666666666,258.19888974716116,500.0,1000.0,500.0
AccountId_3957,66,2377.030303030303,3146.231283833929,32.0,20000.0,19968.0
AccountId_3959,19,2395.157894736842,3246.872157479802,500.0,11000.0,10500.0
AccountId_3960,1,2000.0,0.0,2000.0,2000.0,0.0
AccountId_3962,1,1000.0,0.0,1000.0,1000.0,0.0
AccountId_3963,8,3600.0,8647.212597958125,500.0,25000.0,24500.0
AccountId_3964,31,9241.935483870968,5903.206710116595,2000.0,20000.0,18000.0
AccountId_3965,1,2000.0,0.0,2000.0,2000.0,0.0
AccountId_3966,23,2521.7391304347825,2004.9839087404919,500.0,10000.0,9500.0
AccountId_3967,50,1620.0,2046.7993929796933,500.0,10000.0,9500.0
AccountId_3968,2,2000.0,0.0,2000.0,2000.0,0.0
AccountId_397,16,3593.75,4107.792391703034,500.0,11500.0,11000.0
AccountId_3970,15,7766.666666666667,3310.51715137134,2000.0,10000.0,8000.0
AccountId_3971,64,2617.1875,1310.9495755682365,500.0,6000.0,5500.0
AccountId_3972,1,10000.0,0.0,10000.0,10000.0,0.0
AccountId_3973,1,1000.0,0.0,1000.0,1000.0,0.0
AccountId_3974,13,7653.846153846154,5871.486947474122,1000.0,20000.0,19000.0
AccountId_3975,3,8400.0,2944.486372867091,5000.0,10100.0,5100.0
AccountId_3976,20,2175.0,2024.8131817658225,500.0,9000.0,8500.0
AccountId_3977,6,2250.0,1172.6039399558574,500.0,4000.0,3500.0
AccountId_3978,8,2737.5,3006.154401509391,1000.0,10000.0,9000.0
AccountId_3979,15,1613.3333333333333,1292.7637430087893,500.0,5000.0,4500.0
AccountId_398,83,-23777.10843373494,27962.87314393334,-115000.0,-500.0,114500.0
AccountId_3980,9,3125.0,6341.825446982911,500.0,20000.0,19500.0
AccountId_3981,75,2538.133333333333,4114.798833654137,500.0,25000.0,24500.0
AccountId_3983,3,8666.666666666666,2309.4010767585028,6000.0,10000.0,4000.0
AccountId_3984,6,1000.0,0.0,1000.0,1000.0,0.0
AccountId_3985,5,1000.0,0.0,1000.0,1000.0,0.0
AccountId_3986,1,2000.0,0.0,2000.0,2000.0,0.0
AccountId_3987,35,8880.0,3800.294106265678,500.0,20000.0,19500.0
AccountId_3988,95,13382.105263157895,23515.09691144732,500.0,180000.0,179500.0
AccountId_399,1,10000.0,0.0,10000.0,10000.0,0.0
AccountId_3990,2,1500.0,707.1067811865476,1000.0,2000.0,1000.0
AccountId_3992,15,1746.6666666666667,1091.438543958429,1000.0,5000.0,4000.0
AccountId_3993,37,7748.648648648648,3639.110210356801,1000.0,10000.0,9000.0
AccountId_3994,1,500.0,0.0,500.0,500.0,0.0
AccountId_3995,7,1857.142857142857,988.0235200593537,1000.0,4000.0,3000.0
AccountId_3996,2,500.0,0.0,500.0,500.0,0.0
AccountId_3997,1,2000.0,0.0,2000.0,2000.0,0.0
AccountId_3999,7,6395.285714285715,7511.74118107304,500.0,20000.0,19500.0
AccountId_4,1,62000.0,0.0,62000.0,62000.0,0.0
AccountId_40,13,2508.4615384615386,1970.0078094339544,500.0,7000.0,6500.0
AccountId_400,6,3583.3333333333335,2200.378755275252,500.0,5000.0,4500.0
AccountId_4000,4,1000.0,0.0,1000.0,1000.0,0.0
AccountId_4001,6,950.0,225.8317958127243,500.0,1100.0,600.0
AccountId_4003,50,585910.0,1141182.7899605045,500.0,5000000.0,4999500.0
AccountId_4004,32,129687.5,149289.16247423342,1000.0,530000.0,529000.0
AccountId_4005,4,875.0,250.0,500.0,1000.0,500.0
AccountId_4006,21,10589.0,19158.568892273765,500.0,70000.0,69500.0
AccountId_4007,1,500.0,0.0,500.0,500.0,0.0
AccountId_4008,3,8666.666666666666,2309.4010767585028,6000.0,10000.0,4000.0
AccountId_4009,1,1000.0,0.0,1000.0,1000.0,0.0
AccountId_401,6,8500.0,2738.6127875258308,5000.0,11000.0,6000.0
AccountId_4011,2,3250.0,1767.7669529663688,2000.0,4500.0,2500.0
AccountId_4012,2,40000.0,42426.40687119285,10000.0,70000.0,60000.0
AccountId_4015,1,1000.0,0.0,1000.0,1000.0,0.0
AccountId_4016,8,15187.5,20532.095954522378,1500.0,65000.0,63500.0
AccountId_4018,1,1000.0,0.0,1000.0,1000.0,0.0
AccountId_4019,13,5846.153846153846,4394.051923645453,1000.0,11000.0,10000.0
AccountId_4021,14,2642.8571428571427,1133.8934190276816,2000.0,5000.0,3000.0
AccountId_4022,34,1861.764705882353,2365.5372515379136,500.0,10000.0,9500.0
AccountId_4023,49,6197.469387755102,13173.384251180549,500.0,51822.0,51322.0
AccountId_4026,11,132000.0,289769.9087206951,1000.0,1000000.0,999000.0
AccountId_4027,1,700.0,0.0,700.0,700.0,0.0
AccountId_403,4,1000.0,0.0,1000.0,1000.0,0.0
AccountId_4031,1,10000.0,0.0,10000.0,10000.0,0.0
AccountId_4032,3,1000.0,0.0,1000.0,1000.0,0.0
AccountId_4033,1,5000.0,0.0,5000.0,5000.0,0.0
AccountId_4034,7,10857.142857142857,1864.454471471609,10000.0,15000.0,5000.0
AccountId_4035,8,167875.0,114986.25694279419,3000.0,280000.0,277000.0
AccountId_4036,49,14734.69387755102,34615.612752896675,5000.0,252000.0,247000.0
AccountId_4037,6,8500.0,2345.207879911715,5000.0,10000.0,5000.0
AccountId_4038,4,6500.0,4062.01920231798,2500.0,10000.0,7500.0
AccountId_4039,1,1000.0,0.0,1000.0,1000.0,0.0
AccountId_404,2,5500.0,6363.961030678927,1000.0,10000.0,9000.0
AccountId_4040,7,2857.1428571428573,3197.8415339398034,1000.0,10000.0,9000.0
AccountId_4042,7,7285.714285714285,3498.298906339371,2000.0,10000.0,8000.0
AccountId_4043,1,1000.0,0.0,1000.0,1000.0,0.0
AccountId_4044,1,10000.0,0.0,10000.0,10000.0,0.0
AccountId_4045,1,1000.0,0.0,1000.0,1000.0,0.0
AccountId_4047,1,10000.0,0.0,10000.0,10000.0,0.0
AccountId_4048,1,1000.0,0.0,1000.0,1000.0,0.0
AccountId_4049,4,12500.0,5000.0,10000.0,20000.0,10000.0
AccountId_405,51,8862.901960784313,12623.216693465896,500.0,70000.0,69500.0
AccountId_4050,2,12500.0,3535.5339059327375,10000.0,15000.0,5000.0
AccountId_4051,11,1650.0,960.4686356149273,500.0,3000.0,2500.0
AccountId_4052,70,2242.8571428571427,6281.778835776925,500.0,50000.0,49500.0
AccountId_4054,7,1785.7142857142858,1523.6235005501103,500.0,5000.0,4500.0
AccountId_4055,32,2110.0,3569.2377427843226,500.0,18000.0,17500.0
AccountId_4057,1,1000.0,0.0,1000.0,1000.0,0.0
AccountId_406,2,12000.0,0.0,12000.0,12000.0,0.0
AccountId_4060,23,12241.304347826086,16238.524984612653,500.0,50000.0,49500.0
AccountId_4062,7,1428.5714285714287,1096.5313275875671,500.0,3000.0,2500.0
AccountId_4063,1,1000.0,0.0,1000.0,1000.0,0.0
AccountId_4067,7,642.8571428571429,243.9750182371333,500.0,1000.0,500.0
AccountId_4068,94,2862.978723404255,3280.357910510347,500.0,10000.0,9500.0
AccountId_4069,2,1500.0,707.1067811865476,1000.0,2000.0,1000.0
AccountId_4070,2,2000.0,0.0,2000.0,2000.0,0.0
AccountId_4074,3,8666.666666666666,2309.4010767585028,6000.0,10000.0,4000.0
AccountId_4075,66,5143.939393939394,3906.094992262488,500.0,10000.0,9500.0
AccountId_4076,64,1223.65625,861.3601134483083,500.0,4000.0,3500.0
AccountId_4077,7,8714.285714285714,2563.4797778466236,5000.0,11000.0,6000.0
AccountId_4078,3,1333.3333333333333,577.3502691896257,1000.0,2000.0,1000.0
AccountId_4081,1,1000.0,0.0,1000.0,1000.0,0.0
AccountId_4082,1,500.0,0.0,500.0,500.0,0.0
AccountId_4083,3,8666.666666666666,2309.4010767585028,6000.0,10000.0,4000.0
AccountId_4084,1,2000.0,0.0,2000.0,2000.0,0.0
AccountId_4087,2,1000.0,0.0,1000.0,1000.0,0.0
AccountId_4088,5,6910.0,8209.171699995073,550.0,20000.0,19450.0
AccountId_4089,7,7285.714285714285,3638.419332360584,1000.0,10000.0,9000.0
AccountId_409,1,500.0,0.0,500.0,500.0,0.0
AccountId_4090,30,3883.3333333333335,4266.314191618943,1000.0,20000.0,19000.0
AccountId_4091,8,9500.0,1414.213562373095,6000.0,10000.0,4000.0
AccountId_4092,11,5181.818181818182,5564.497853682429,1000.0,20000.0,19000.0
AccountId_4093,18,6722.222222222223,3978.5536176968744,500.0,10000.0,9500.0
AccountId_4094,6,6500.0,4415.880433163923,1000.0,10000.0,9000.0
AccountId_4095,4,500.0,0.0,500.0,500.0,0.0
AccountId_4096,3,4666.666666666667,577.3502691896259,4000.0,5000.0,1000.0
AccountId_4097,4,7750.0,2629.9556396765834,5000.0,10000.0,5000.0
AccountId_4098,16,1112.5,910.5858919765158,500.0,3800.0,3300.0
AccountId_4099,19,1047.3684210526317,422.12217959131686,500.0,2000.0,1500.0
AccountId_41,4,6250.0,4627.814458971607,500.0,10000.0,9500.0
AccountId_410,4,10175.0,350.0,10000.0,10700.0,700.0
AccountId_4100,23,11931.0,22310.65182414404,500.0,72913.0,72413.0
AccountId_4102,1,500.0,0.0,500.0,500.0,0.0
AccountId_4103,38,2605.2631578947367,4535.383256156815,500.0,20000.0,19500.0
AccountId_4104,45,8626.666666666666,6371.755859044877,1000.0,30000.0,29000.0
AccountId_4106,3,8666.666666666666,2309.4010767585028,6000.0,10000.0,4000.0
AccountId_4109,3,8666.666666666666,2309.4010767585028,6000.0,10000.0,4000.0
AccountId_411,1,10000.0,0.0,10000.0,10000.0,0.0
AccountId_4110,47,5414.893617021276,15315.635357420866,500.0,100000.0,99500.0
AccountId_4111,57,1210.5263157894738,452.644692938195,1000.0,3000.0,2000.0
AccountId_4113,101,4380.376237623763,6234.388646614015,500.0,30000.0,29500.0
AccountId_4115,22,12345.454545454546,4255.386197316489,10000.0,20000.0,10000.0
AccountId_4116,32,1218.75,278.750090409359,500.0,2000.0,1500.0
AccountId_4117,59,4452.6949152542375,3095.4008500612495,92.0,10000.0,9908.0
AccountId_4120,1,1000.0,0.0,1000.0,1000.0,0.0
AccountId_4121,3,27666.666666666668,2516.6114784235833,25000.0,30000.0,5000.0
AccountId_4124,2,500.0,0.0,500.0,500.0,0.0
AccountId_4125,69,4107.971014492754,6001.798892025951,500.0,30000.0,29500.0
AccountId_4126,47,5533.127659574468,13272.289430331122,500.0,65000.0,64500.0
AccountId_4127,8,2013.75,1403.5967827590048,1000.0,5000.0,4000.0
AccountId_4129,5,1200.0,758.287544405155,500.0,2000.0,1500.0
AccountId_413,2,2750.0,3181.9805153394636,500.0,5000.0,4500.0
AccountId_4131,13,1553.8461538461538,1696.8674003465842,500.0,7000.0,6500.0
AccountId_4132,10,4230.0,5124.678851726549,1000.0,18000.0,17000.0
AccountId_4133,222,3376.4054054054054,5305.876131060794,500.0,36500.0,36000.0
AccountId_4135,21,1028.5714285714287,239.04572186687872,600.0,2000.0,1400.0
AccountId_4136,2,1500.0,707.1067811865476,1000.0,2000.0,1000.0
AccountId_4137,7,8714.285714285714,2563.479777846623,5000.0,11000.0,6000.0
AccountId_4138,6,11283.333333333334,15690.814722845553,1000.0,33000.0,32000.0
AccountId_4139,7,10242.857142857143,423.70250120079476,10000.0,11000.0,1000.0
AccountId_4140,3,68000.0,114315.3532995459,2000.0,200000.0,198000.0
AccountId_4141,1,5000.0,0.0,5000.0,5000.0,0.0
AccountId_4143,1,500.0,0.0,500.0,500.0,0.0
AccountId_4144,1,15000.0,0.0,15000.0,15000.0,0.0
AccountId_4146,3,2000.0,0.0,2000.0,2000.0,0.0
AccountId_4148,17,6235.294117647059,3167.795206541647,500.0,10000.0,9500.0
AccountId_4149,2,20000.0,0.0,20000.0,20000.0,0.0
AccountId_4150,43,8720.93023255814,15396.08110526112,500.0,80000.0,79500.0
AccountId_4151,1,5000.0,0.0,5000.0,5000.0,0.0
AccountId_4152,11,954.5454545454545,150.7556722888818,500.0,1000.0,500.0
AccountId_4153,12,7783.333333333333,14326.062285431422,500.0,50000.0,49500.0
AccountId_4156,1,500.0,0.0,500.0,500.0,0.0
AccountId_4157,6,1500.0,948.6832980505138,500.0,3000.0,2500.0
AccountId_4158,9,108888.88888888889,74068.28681096323,10000.0,200000.0,190000.0
AccountId_4159,1,2000.0,0.0,2000.0,2000.0,0.0
AccountId_416,1,500.0,0.0,500.0,500.0,0.0
AccountId_4160,1,10000.0,0.0,10000.0,10000.0,0.0
AccountId_4161,27,6678.333333333333,18910.80658695527,500.0,100000.0,99500.0
AccountId_4163,13,1753.8461538461538,790.1638908220082,500.0,3000.0,2500.0
AccountId_4164,8,3887.5,4755.579429920786,1000.0,12000.0,11000.0
AccountId_4165,4,12750.0,4856.267428111155,10000.0,20000.0,10000.0
AccountId_4167,4,9000.0,2000.0,6000.0,10000.0,4000.0
AccountId_4168,2,10000.0,0.0,10000.0,10000.0,0.0
AccountId_417,1,1000.0,0.0,1000.0,1000.0,0.0
AccountId_4170,2,1877.5,1948.0791821689384,500.0,3255.0,2755.0
AccountId_4171,1,2000.0,0.0,2000.0,2000.0,0.0
AccountId_4172,36,1900.0,1820.2040701918172,500.0,10000.0,9500.0
AccountId_4173,1,500.0,0.0,500.0,500.0,0.0
AccountId_4174,17,4852.941176470588,9220.840366193503,500.0,40000.0,39500.0
AccountId_4175,23,10496.95652173913,7135.699898641917,1000.0,40000.0,39000.0
AccountId_4177,7,2314.285714285714,2119.2990755031656,500.0,5000.0,4500.0
AccountId_4178,1,500.0,0.0,500.0,500.0,0.0
AccountId_4180,1,1000.0,0.0,1000.0,1000.0,0.0
AccountId_4181,9,2944.4444444444443,2811.187965572167,1000.0,10000.0,9000.0
AccountId_4182,17,2117.6470588235293,1566.538897585074,500.0,5000.0,4500.0
AccountId_4184,80,3537.8375,6787.686998974267,500.0,30000.0,29500.0
AccountId_4185,16,7875.0,3074.0852297878796,2000.0,11000.0,9000.0
AccountId_4187,5,42740.0,43745.14830241178,9000.0,115000.0,106000.0
AccountId_4188,3,8400.0,2771.2812921102036,5200.0,10000.0,4800.0
AccountId_4189,2,5500.0,6363.961030678927,1000.0,10000.0,9000.0
AccountId_419,1,10000.0,0.0,10000.0,10000.0,0.0
AccountId_4190,1,500.0,0.0,500.0,500.0,0.0
AccountId_4193,3,8500.0,5634.713834792323,2000.0,12000.0,10000.0
AccountId_4195,1,1500.0,0.0,1500.0,1500.0,0.0
AccountId_4196,1,1000.0,0.0,1000.0,1000.0,0.0
AccountId_4197,2,500.0,0.0,500.0,500.0,0.0
AccountId_4198,1,2000.0,0.0,2000.0,2000.0,0.0
AccountId_4199,9,5111.111111111111,9442.64852205731,500.0,30000.0,29500.0
AccountId_420,1,4000.0,0.0,4000.0,4000.0,0.0
AccountId_4200,1,1000.0,0.0,1000.0,1000.0,0.0
AccountId_4201,5,1600.0,961.7692030835673,500.0,3000.0,2500.0
AccountId_4202,3,5000.0,3000.0,2000.0,8000.0,6000.0
AccountId_4203,17,5941.176470588235,4122.659763964492,1000.0,10000.0,9000.0
AccountId_4205,12,6750.0,13901.438774457843,500.0,50000.0,49500.0
AccountId_4206,2,1250.0,1060.6601717798212,500.0,2000.0,1500.0
AccountId_4207,9,1666.6666666666667,1346.2912017836259,500.0,4000.0,3500.0
AccountId_4208,5,1300.0,670.820393249937,500.0,2000.0,1500.0
AccountId_4210,18,7355.555555555556,7538.701887181296,800.0,20000.0,19200.0
AccountId_4211,8,2012.5,3263.844140186319,500.0,10000.0,9500.0
AccountId_4212,5,8300.0,8012.490249604052,500.0,20000.0,19500.0
AccountId_4213,24,1180.0,585.8030534158254,500.0,3000.0,2500.0
AccountId_4214,5,4020.0,3660.874212534487,1000.0,10000.0,9000.0
AccountId_4216,4,1250.0,500.0,1000.0,2000.0,1000.0
AccountId_4217,6,25333.333333333332,38471.634572327006,500.0,75000.0,74500.0
AccountId_4218,5,16720.0,27252.009100248004,800.0,65000.0,64200.0
AccountId_4219,15,53400.0,62236.645153799866,1000.0,240000.0,239000.0
AccountId_4220,4,500.0,0.0,500.0,500.0,0.0
AccountId_4221,1,500.0,0.0,500.0,500.0,0.0
AccountId_4224,1,1000.0,0.0,1000.0,1000.0,0.0
AccountId_4225,2,750.0,353.5533905932738,500.0,1000.0,500.0
AccountId_4226,12,6891.666666666667,10415.675104321748,1000.0,30000.0,29000.0
AccountId_4228,3,2666.6666666666665,1527.5252316519466,1000.0,4000.0,3000.0
AccountId_4229,2,500.0,0.0,500.0,500.0,0.0
AccountId_4230,1,1000.0,0.0,1000.0,1000.0,0.0
AccountId_4231,1,2000.0,0.0,2000.0,2000.0,0.0
AccountId_4232,9,9577.777777777777,3613.093472973602,1000.0,15000.0,14000.0
AccountId_4233,2,1000.0,0.0,1000.0,1000.0,0.0
AccountId_4234,2,5000.0,0.0,5000.0,5000.0,0.0
AccountId_4235,15,1333.3333333333333,487.9500364742666,1000.0,2000.0,1000.0
AccountId_4237,3,1000.0,0.0,1000.0,1000.0,0.0
AccountId_4239,1,10000.0,0.0,10000.0,10000.0,0.0
AccountId_424,1,2000.0,0.0,2000.0,2000.0,0.0
AccountId_4240,8,687.5,258.77458475338284,500.0,1000.0,500.0
AccountId_4243,25,5228.0,4030.433185982205,500.0,11600.0,11100.0
AccountId_4244,3,2833.3333333333335,2254.624876411447,500.0,5000.0,4500.0
AccountId_4247,7,3857.1428571428573,1951.8001458970664,1000.0,5000.0,4000.0
AccountId_4248,6,8500.0,2345.207879911715,5000.0,10000.0,5000.0
AccountId_4249,4457,-25255.078752524118,31156.305462744254,-1000000.0,-500.0,999500.0
AccountId_425,2,1000.0,0.0,1000.0,1000.0,0.0
AccountId_4250,20,11750.0,11569.58353433237,500.0,25000.0,24500.0
AccountId_4251,11,2930.0,3795.147006375379,500.0,10000.0,9500.0
AccountId_4253,1,130000.0,0.0,130000.0,130000.0,0.0
AccountId_4255,28,7093.214285714285,10082.230813396567,500.0,45000.0,44500.0
AccountId_4256,3,10000.0,0.0,10000.0,10000.0,0.0
AccountId_4257,17,10294.117647058823,2778.5946511310567,5000.0,20000.0,15000.0
AccountId_4258,183,12061.20218579235,29153.99757101904,500.0,283000.0,282500.0
AccountId_4259,11,6872.727272727273,3926.599268856172,1000.0,11000.0,10000.0
AccountId_426,1,500.0,0.0,500.0,500.0,0.0
AccountId_4260,12,4083.3333333333335,2234.3733444579584,2000.0,10000.0,8000.0
AccountId_4261,1,1000.0,0.0,1000.0,1000.0,0.0
AccountId_4262,3,8333.333333333334,2886.7513459481293,5000.0,10000.0,5000.0
AccountId_4263,1,10000.0,0.0,10000.0,10000.0,0.0
AccountId_4264,1,10000.0,0.0,10000.0,10000.0,0.0
AccountId_4266,15,8400.0,2354.32732279459,5000.0,10000.0,5000.0
AccountId_4268,1,2000.0,0.0,2000.0,2000.0,0.0
AccountId_4269,38,2097.3684210526317,1973.1285135205233,500.0,10000.0,9500.0
AccountId_427,1,5000.0,0.0,5000.0,5000.0,0.0
AccountId_4270,17,7411.764705882353,3501.050262589281,1000.0,11000.0,10000.0
AccountId_4272,2,10000.0,0.0,10000.0,10000.0,0.0
AccountId_4273,26,6802.7692307692305,16779.479115414022,1000.0,85000.0,84000.0
AccountId_4275,3,2193.3333333333335,2439.699435039762,580.0,5000.0,4420.0
AccountId_4277,36,2580.6944444444443,3377.139988802397,500.0,11500.0,11000.0
AccountId_4279,2,1500.0,707.1067811865476,1000.0,2000.0,1000.0
AccountId_428,1,500.0,0.0,500.0,500.0,0.0
AccountId_4282,5,6600.0,4722.287581247038,4000.0,15000.0,11000.0
AccountId_4283,13,1900.0,1646.2077633154329,800.0,6000.0,5200.0
AccountId_4285,4,1125.0,629.1528696058958,500.0,2000.0,1500.0
AccountId_4286,22,8454.545454545454,2324.3488125919057,5000.0,10000.0,5000.0
AccountId_4287,4,3000.0,2309.401076758503,1000.0,5000.0,4000.0
AccountId_4289,2,750.0,353.5533905932738,500.0,1000.0,500.0
AccountId_4291,6,6666.666666666667,2581.9888974716114,5000.0,10000.0,5000.0
AccountId_4293,68,1111.764705882353,343.61094441794603,500.0,2000.0,1500.0
AccountId_4294,6,1083.3333333333333,491.59604012508754,500.0,2000.0,1500.0
AccountId_4295,1,10000.0,0.0,10000.0,10000.0,0.0
AccountId_4298,27,916.4814814814815,959.0558406125816,500.0,5000.0,4500.0
AccountId_4299,1,600.0,0.0,600.0,600.0,0.0
AccountId_43,8,3750.0,3150.9635714446827,1000.0,10000.0,9000.0
AccountId_430,95,10426.578947368422,12088.037436910417,500.0,70000.0,69500.0
AccountId_4300,1,5000.0,0.0,5000.0,5000.0,0.0
AccountId_4301,2,5000.0,0.0,5000.0,5000.0,0.0
AccountId_4302,9,1444.4444444444443,583.3333333333333,500.0,2000.0,1500.0
AccountId_4304,25,782.0,348.47285881877997,500.0,2000.0,1500.0
AccountId_4308,1,5000.0,0.0,5000.0,5000.0,0.0
AccountId_431,7,10742.857142857143,4456.77654172353,5200.0,20000.0,14800.0
AccountId_4311,5,4080.0,1380.9417076763234,1900.0,5000.0,3100.0
AccountId_4313,20,1325.0,799.2595257322143,500.0,3000.0,2500.0
AccountId_4314,1,130000.0,0.0,130000.0,130000.0,0.0
AccountId_4315,3,10000.0,0.0,10000.0,10000.0,0.0
AccountId_4316,1,500.0,0.0,500.0,500.0,0.0
AccountId_4317,4,4000.0,1154.7005383792514,3000.0,5000.0,2000.0
AccountId_4318,50,12442.0,4410.797974914539,5000.0,20000.0,15000.0
AccountId_4319,60,3839.3333333333335,5980.749872678845,500.0,30000.0,29500.0
AccountId_432,101,3367.3267326732675,3714.084245433619,500.0,27000.0,26500.0
AccountId_4320,2,750.0,353.5533905932738,500.0,1000.0,500.0
AccountId_4321,9,1000.0,433.0127018922193,500.0,2000.0,1500.0
AccountId_4323,3,8666.666666666666,2309.4010767585028,6000.0,10000.0,4000.0
AccountId_4325,11,601.8181818181819,375.25613071122984,60.0,1108.0,1048.0
AccountId_4326,50,1820.0,1695.612585709461,500.0,10000.0,9500.0
AccountId_4328,1,1000.0,0.0,1000.0,1000.0,0.0
AccountId_4329,90,1521.7777777777778,1271.2150940068957,500.0,7000.0,6500.0
AccountId_4330,1,500.0,0.0,500.0,500.0,0.0
AccountId_4331,5,1700.0,447.21359549995793,1000.0,2000.0,1000.0
AccountId_4332,3,10000.0,0.0,10000.0,10000.0,0.0
AccountId_4333,1,500.0,0.0,500.0,500.0,0.0
AccountId_4334,1,10000.0,0.0,10000.0,10000.0,0.0
AccountId_4335,33,1607.121212121212,2244.2464737297646,500.0,10000.0,9500.0
AccountId_4336,1,10000.0,0.0,10000.0,10000.0,0.0
AccountId_4338,20,2000.0,4301.162633521313,500.0,20000.0,19500.0
AccountId_4340,3,500.0,0.0,500.0,500.0,0.0
AccountId_4343,4,1000.0,0.0,1000.0,1000.0,0.0
AccountId_4345,150,1413.3333333333333,650.82979214578,500.0,5000.0,4500.0
AccountId_4346,6,4000.0,1549.1933384829667,2000.0,5000.0,3000.0
AccountId_4348,12,8416.666666666666,2353.2698077098576,5000.0,10000.0,5000.0
AccountId_4349,15,4710.0,12554.1996388232,200.0,50000.0,49800.0
AccountId_435,13,8169.2307692307695,3012.0271732352767,1200.0,10000.0,8800.0
AccountId_4351,1,80000.0,0.0,80000.0,80000.0,0.0
AccountId_4352,28,6610.571428571428,7816.525743475339,500.0,26000.0,25500.0
AccountId_4355,30,12150.0,18345.886506902243,1000.0,100000.0,99000.0
AccountId_4356,71,2871.6197183098593,4349.735687753902,500.0,20000.0,19500.0
AccountId_4357,57,3457.8947368421054,6463.550201167121,500.0,30000.0,29500.0
AccountId_4358,4,12500.0,5000.0,10000.0,20000.0,10000.0
AccountId_4359,15,1780.6666666666667,1095.531290983425,900.0,3640.0,2740.0
AccountId_4360,103,4728.0,2860.658953293598,500.0,15000.0,14500.0
AccountId_4361,11,10727.272727272728,5640.760748177662,1000.0,16000.0,15000.0
AccountId_4365,11,776.3636363636364,264.8498717112292,500.0,1040.0,540.0
AccountId_4366,2,1250.0,1060.6601717798212,500.0,2000.0,1500.0
AccountId_4367,70,9414.285714285714,6042.561260248085,1200.0,50000.0,48800.0
AccountId_4368,1,1000.0,0.0,1000.0,1000.0,0.0
AccountId_4369,1,10000.0,0.0,10000.0,10000.0,0.0
AccountId_437,2,2750.0,3181.9805153394636,500.0,5000.0,4500.0
AccountId_4370,58,1842.2586206896551,2170.4814936778575,500.0,9400.0,8900.0
AccountId_4371,6,2000.0,632.4555320336759,1000.0,3000.0,2000.0
AccountId_4373,1,2000.0,0.0,2000.0,2000.0,0.0
AccountId_4374,1,1000.0,0.0,1000.0,1000.0,0.0
AccountId_4375,16,6375.0,4026.9922605670185,1000.0,10000.0,9000.0
AccountId_4376,31,7684.290322580645,8777.602756233422,1000.0,35375.0,34375.0
AccountId_4377,51,8265.764705882353,5493.107628977372,1000.0,30000.0,29000.0
AccountId_4378,5,10140.0,313.04951684997053,10000.0,10700.0,700.0
AccountId_4379,1,2000.0,0.0,2000.0,2000.0,0.0
AccountId_438,2,1000.0,0.0,1000.0,1000.0,0.0
AccountId_4380,9,5666.666666666667,4337.337893224368,500.0,10000.0,9500.0
AccountId_4381,1,2000.0,0.0,2000.0,2000.0,0.0
AccountId_4382,9,1344.4444444444443,1407.2234285207796,500.0,5000.0,4500.0
AccountId_4383,252,3861.0476190476193,9488.209997774438,500.0,100000.0,99500.0
AccountId_4384,78,2535.897435897436,4234.980315781678,500.0,25000.0,24500.0
AccountId_4386,28,1604.2857142857142,1310.4973004944247,200.0,5000.0,4800.0
AccountId_4388,2,600.0,0.0,600.0,600.0,0.0
AccountId_4389,146,6165.260273972603,7836.420446074366,500.0,32200.0,31700.0
AccountId_4390,20,6300.0,4014.447592594056,1000.0,10000.0,9000.0
AccountId_4391,4,9000.0,16015.617378046967,500.0,33000.0,32500.0
AccountId_4394,3,6373.333333333333,7574.835531767891,2000.0,15120.0,13120.0
AccountId_4397,7,10857.142857142857,7081.162132224988,1000.0,25000.0,24000.0
AccountId_4398,2,750.0,353.5533905932738,500.0,1000.0,500.0
AccountId_4399,6,833.3333333333334,258.19888974716116,500.0,1000.0,500.0
AccountId_440,15,2066.6666666666665,1602.0819787597222,500.0,5000.0,4500.0
AccountId_4400,4,6500.0,4358.898943540674,1000.0,10000.0,9000.0
AccountId_4401,43,4851.162790697675,8957.781190329477,500.0,50000.0,49500.0
AccountId_4402,1,200000.0,0.0,200000.0,200000.0,0.0
AccountId_4404,48,1764.5833333333333,1609.4785178096602,500.0,10000.0,9500.0
AccountId_4406,1,500.0,0.0,500.0,500.0,0.0
AccountId_4407,29,3503.448275862069,3124.726589024652,700.0,10000.0,9300.0
AccountId_4408,1,10000.0,0.0,10000.0,10000.0,0.0
AccountId_4409,2,8000.0,2828.42712474619,6000.0,10000.0,4000.0
AccountId_441,1,2000.0,0.0,2000.0,2000.0,0.0
AccountId_4410,32,4988.09375,4380.928700772247,500.0,16000.0,15500.0
AccountId_4411,1,1000.0,0.0,1000.0,1000.0,0.0
AccountId_4413,10,1415.0,577.3743249496908,750.0,2500.0,1750.0
AccountId_4415,3,10233.333333333334,404.14518843273777,10000.0,10700.0,700.0
AccountId_4416,131,7066.038167938931,15698.509471825459,500.0,105000.0,104500.0
AccountId_4418,2,5000.0,0.0,5000.0,5000.0,0.0
AccountId_4419,1,5000.0,0.0,5000.0,5000.0,0.0
AccountId_4420,9,12555.555555555555,12380.540286182093,1000.0,37000.0,36000.0
AccountId_4421,189,269094.708994709,495664.093611047,600.0,3000000.0,2999400.0
AccountId_4422,5,600.0,223.60679774997897,500.0,1000.0,500.0
AccountId_4423,3,10000.0,0.0,10000.0,10000.0,0.0
AccountId_4425,66,3347.1666666666665,4315.372181411768,500.0,28000.0,27500.0
AccountId_4427,1,500.0,0.0,500.0,500.0,0.0
AccountId_4429,3,63333.333333333336,23094.01076758503,50000.0,90000.0,40000.0
AccountId_443,3,8666.666666666666,2309.4010767585028,6000.0,10000.0,4000.0
AccountId_4430,78,15076.923076923076,21807.76058146324,1000.0,100000.0,99000.0
AccountId_4431,5,100000.0,0.0,100000.0,100000.0,0.0
AccountId_4433,15,4270.0,4473.00633962056,500.0,11000.0,10500.0
AccountId_4434,17,8705.882352941177,2143.7323142813607,5000.0,10000.0,5000.0
AccountId_4435,1,2000.0,0.0,2000.0,2000.0,0.0
AccountId_4436,2,1000.0,0.0,1000.0,1000.0,0.0
AccountId_4437,11,2500.0,2747.726332806817,1000.0,10000.0,9000.0
AccountId_4438,20,8085.0,3839.582625343815,2000.0,15000.0,13000.0
AccountId_444,15,2240.0,3065.8953481347476,500.0,12000.0,11500.0
AccountId_4440,12,12973.5,11393.956520095124,500.0,33000.0,32500.0
AccountId_4441,5,2000.0,1767.7669529663688,500.0,5000.0,4500.0
AccountId_4442,17,8588.235294117647,2265.4696954884366,5000.0,10000.0,5000.0
AccountId_4443,2,7500.0,3535.5339059327375,5000.0,10000.0,5000.0
AccountId_4444,2,2000.0,0.0,2000.0,2000.0,0.0
AccountId_4445,4,1000.0,0.0,1000.0,1000.0,0.0
AccountId_4447,1,500.0,0.0,500.0,500.0,0.0
AccountId_4449,55,2007.1636363636364,2430.3056259841546,500.0,14000.0,13500.0
AccountId_445,18,2722.222222222222,2108.9600324094936,500.0,5000.0,4500.0
AccountId_4452,1,500.0,0.0,500.0,500.0,0.0
AccountId_4453,37,18418.91891891892,29649.928216493936,500.0,90000.0,89500.0
AccountId_4454,1,10000.0,0.0,10000.0,10000.0,0.0
AccountId_4456,2,1500.0,707.1067811865476,1000.0,2000.0,1000.0
AccountId_4458,9,3277.777777777778,2513.850521499726,500.0,9000.0,8500.0
AccountId_446,34,3267.6470588235293,5763.4543823224885,500.0,30000.0,29500.0
AccountId_4460,65,7907.7692307692305,9016.172190100324,500.0,50000.0,49500.0
AccountId_4461,2,7500.0,3535.5339059327375,5000.0,10000.0,5000.0
AccountId_4462,1,2000.0,0.0,2000.0,2000.0,0.0
AccountId_4463,8,2693.75,4975.68642070045,500.0,15000.0,14500.0
AccountId_4464,7,671.4285714285714,236.03873774083294,500.0,1000.0,500.0
AccountId_4465,5,1197760.0,2132208.9691209914,50000.0,5000000.0,4950000.0
AccountId_4466,74,5221.675675675676,9147.721617839188,500.0,50000.0,49500.0
AccountId_4467,41,2967.0731707317073,4321.6838407630175,500.0,20000.0,19500.0
AccountId_4468,46,1750.0,1590.7719998653342,500.0,7000.0,6500.0
AccountId_4469,7,7285.714285714285,3638.419332360584,1000.0,10000.0,9000.0
AccountId_4471,1,2500.0,0.0,2500.0,2500.0,0.0
AccountId_4472,1,10000.0,0.0,10000.0,10000.0,0.0
AccountId_4473,2,1500.0,0.0,1500.0,1500.0,0.0
AccountId_4474,13,1692.3076923076924,830.1220175989577,1000.0,3000.0,2000.0
AccountId_4475,21,3380.9523809523807,5101.237011511918,500.0,20000.0,19500.0
AccountId_4477,11,2545.4545454545455,2876.234912646614,1000.0,10000.0,9000.0
AccountId_4478,9,16000.0,17795.71577655701,500.0,35000.0,34500.0
AccountId_4479,10,10140.0,295.1459149490487,10000.0,10700.0,700.0
AccountId_448,1,10000.0,0.0,10000.0,10000.0,0.0
AccountId_4480,7,5747.142857142857,6199.130891465658,500.0,13000.0,12500.0
AccountId_4481,11,10000.0,6971.37002317335,2000.0,20000.0,18000.0
AccountId_4482,122,6290.163934426229,8967.170701292942,500.0,30000.0,29500.0
AccountId_4483,106,5996.745283018868,20700.547244232257,500.0,125000.0,124500.0
AccountId_4484,42,1784.2142857142858,979.256600461308,500.0,5000.0,4500.0
AccountId_4485,19,3273.684210526316,6515.438256365769,500.0,30000.0,29500.0
AccountId_4486,7,1771.4285714285713,1251.285053740468,1000.0,4400.0,3400.0
AccountId_4487,8,937.5,176.77669529663686,500.0,1000.0,500.0
AccountId_4488,2,2000.0,2121.3203435596424,500.0,3500.0,3000.0
AccountId_449,3,8333.333333333334,2886.7513459481293,5000.0,10000.0,5000.0
AccountId_4490,1,2000.0,0.0,2000.0,2000.0,0.0
AccountId_4492,1,1600.0,0.0,1600.0,1600.0,0.0
AccountId_4493,43,1955.8139534883721,1581.786561602839,500.0,5000.0,4500.0
AccountId_4494,2,1000.0,0.0,1000.0,1000.0,0.0
AccountId_4495,2,2000.0,0.0,2000.0,2000.0,0.0
AccountId_4496,1,1000.0,0.0,1000.0,1000.0,0.0
AccountId_4497,8,1337.5,509.7268175909803,500.0,2000.0,1500.0
AccountId_4498,12,1833.3333333333333,717.7405625652735,1000.0,3000.0,2000.0
AccountId_45,3,8333.333333333334,2886.7513459481293,5000.0,10000.0,5000.0
AccountId_450,2,3500.0,2121.3203435596424,2000.0,5000.0,3000.0
AccountId_4500,7,7285.714285714285,3638.419332360584,1000.0,10000.0,9000.0
AccountId_4502,1,10000.0,0.0,10000.0,10000.0,0.0
AccountId_4504,2,1000.0,0.0,1000.0,1000.0,0.0
AccountId_4505,1,500.0,0.0,500.0,500.0,0.0
AccountId_4507,3,8666.666666666666,2309.4010767585028,6000.0,10000.0,4000.0
AccountId_4508,41,3339.0243902439024,6272.23556831137,500.0,30000.0,29500.0
AccountId_4509,5,1690.0,1862.2566955175648,500.0,5000.0,4500.0
AccountId_451,1,2000.0,0.0,2000.0,2000.0,0.0
AccountId_4510,44,10370.454545454546,5802.668974742914,500.0,31200.0,30700.0
AccountId_4511,1,80000.0,0.0,80000.0,80000.0,0.0
AccountId_4512,2,500.0,0.0,500.0,500.0,0.0
AccountId_4515,3,8333.333333333334,2886.7513459481293,5000.0,10000.0,5000.0
AccountId_4516,1,1000.0,0.0,1000.0,1000.0,0.0
AccountId_4517,41,5904.878048780488,6824.8059027166555,600.0,28000.0,27400.0
AccountId_4518,3,2833.3333333333335,1755.9422921421233,1000.0,4500.0,3500.0
AccountId_4519,10,8150.0,10094.140214335575,500.0,26000.0,25500.0
AccountId_4521,1,1000.0,0.0,1000.0,1000.0,0.0
AccountId_4522,39,2305.2051282051284,2850.600732435618,33.0,10000.0,9967.0
AccountId_4523,1,5000.0,0.0,5000.0,5000.0,0.0
AccountId_4525,1,10000.0,0.0,10000.0,10000.0,0.0
AccountId_4526,55,1569.090909090909,1188.5055551176254,500.0,6000.0,5500.0
AccountId_4528,5,12000.0,4472.13595499958,10000.0,20000.0,10000.0
AccountId_4529,35,3784.0,2738.551785589044,1040.0,10000.0,8960.0
AccountId_4532,1,5000.0,0.0,5000.0,5000.0,0.0
AccountId_4533,10,1320.0,943.7513796899408,1000.0,4000.0,3000.0
AccountId_4536,50,16332.34,23756.19523718701,500.0,130000.0,129500.0
AccountId_4537,18,6411.388888888889,2787.4576259272303,500.0,8085.0,7585.0
AccountId_4538,14,11878.57142857143,14522.405955118962,600.0,32000.0,31400.0
AccountId_4539,3,15666.666666666666,577.3502691896255,15000.0,16000.0,1000.0
AccountId_454,90,3295.1666666666665,6636.162718287994,500.0,50000.0,49500.0
AccountId_4540,5,1420.0,657.2670690061993,500.0,2000.0,1500.0
AccountId_4541,3,10000.0,0.0,10000.0,10000.0,0.0
AccountId_4542,1,1000.0,0.0,1000.0,1000.0,0.0
AccountId_4543,1,12000.0,0.0,12000.0,12000.0,0.0
AccountId_4545,15,4733.333333333333,12572.513481324857,900.0,50000.0,49100.0
AccountId_4546,10,9930.0,15380.87195909979,1000.0,50000.0,49000.0
AccountId_4547,4,1250.0,500.0,1000.0,2000.0,1000.0
AccountId_4548,6,8500.0,2345.207879911715,5000.0,10000.0,5000.0
AccountId_4549,3,833.3333333333334,577.3502691896258,500.0,1500.0,1000.0
AccountId_455,1,50000.0,0.0,50000.0,50000.0,0.0
AccountId_4550,24,1789.0416666666667,1457.6975137752918,500.0,5200.0,4700.0
AccountId_4551,14,1007.1428571428571,423.2916537989193,500.0,1500.0,1000.0
AccountId_4552,12,9250.0,2005.6737702645644,5000.0,11000.0,6000.0
AccountId_4553,15,10033.333333333334,12338.190806635808,2000.0,50000.0,48000.0
AccountId_4555,13,10461.538461538461,3204.5640529143384,5000.0,20000.0,15000.0
AccountId_4556,20,2080.0,1003.4676718365433,1000.0,5000.0,4000.0
AccountId_4557,8,2750.0,3011.881234615431,1000.0,10000.0,9000.0
AccountId_4558,17,3747.0588235294117,4471.313795611256,500.0,15000.0,14500.0
AccountId_456,40,4089.325,8302.370824163607,500.0,39000.0,38500.0
AccountId_4560,3,1333.3333333333333,577.3502691896257,1000.0,2000.0,1000.0
AccountId_4562,8,11375.0,3502.5500914129893,10000.0,20000.0,10000.0
AccountId_4563,22,3863.6363636363635,3419.766833397446,500.0,10000.0,9500.0
AccountId_4564,1,500.0,0.0,500.0,500.0,0.0
AccountId_4565,4,5000.0,3894.4404818493076,500.0,10000.0,9500.0
AccountId_4566,1,5000.0,0.0,5000.0,5000.0,0.0
AccountId_4567,14,2544.0714285714284,2413.5562164346015,500.0,8000.0,7500.0
AccountId_4568,6,66366.66666666667,31009.783402446825,3200.0,80000.0,76800.0
AccountId_4569,6,1033.3333333333333,258.1988897471611,700.0,1500.0,800.0
AccountId_457,1,1000.0,0.0,1000.0,1000.0,0.0
AccountId_4570,1,2000.0,0.0,2000.0,2000.0,0.0
AccountId_4571,2,142700.0,201101.1685694541,500.0,284900.0,284400.0
AccountId_4572,3,8666.666666666666,2309.4010767585028,6000.0,10000.0,4000.0
AccountId_4573,2,500.0,0.0,500.0,500.0,0.0
AccountId_4575,4,12925.0,4784.262395256626,10000.0,20000.0,10000.0
AccountId_4576,18,15947.666666666666,40438.268469650495,1000.0,175208.0,174208.0
AccountId_4577,13,14284.615384615385,7157.961319845913,5000.0,30700.0,25700.0
AccountId_4578,2,750.0,353.5533905932738,500.0,1000.0,500.0
AccountId_4579,1,5000.0,0.0,5000.0,5000.0,0.0
AccountId_4580,8,10500.0,6369.570517030844,4000.0,20000.0,16000.0
AccountId_4581,1,500.0,0.0,500.0,500.0,0.0
AccountId_4582,1,8000.0,0.0,8000.0,8000.0,0.0
AccountId_4583,14,2964.285714285714,4190.760375811593,500.0,15000.0,14500.0
AccountId_4584,16,4119.9375,5023.58812627986,500.0,15500.0,15000.0
AccountId_4585,8,1437.5,623.2117273791124,500.0,2000.0,1500.0
AccountId_4586,1,1000.0,0.0,1000.0,1000.0,0.0
AccountId_4587,12,1758.3333333333333,1187.4023085813176,500.0,5000.0,4500.0
AccountId_4588,4,2750.0,2061.5528128088304,1000.0,5000.0,4000.0
AccountId_459,2,8000.0,2828.42712474619,6000.0,10000.0,4000.0
AccountId_4590,105,68041.90476190476,149465.8462279751,500.0,500000.0,499500.0
AccountId_4592,13,8923.076923076924,2059.9975105785306,5000.0,10000.0,5000.0
AccountId_4593,53,2269.811320754717,2015.6679467134056,500.0,7000.0,6500.0
AccountId_4595,1,500.0,0.0,500.0,500.0,0.0
AccountId_4596,1,5000.0,0.0,5000.0,5000.0,0.0
AccountId_46,6,5166.666666666667,2857.738033247041,1000.0,10000.0,9000.0
AccountId_460,91,6025.3626373626375,7104.482299563476,500.0,29000.0,28500.0
AccountId_4600,22,27000.0,29445.672331390553,1000.0,85000.0,84000.0
AccountId_4601,4,6550.0,4412.4822945820415,1000.0,10100.0,9100.0
AccountId_4602,6,15000.0,5477.2255750516615,10000.0,20000.0,10000.0
AccountId_4603,2,750.0,353.5533905932738,500.0,1000.0,500.0
AccountId_4607,77,16467.402597402597,113964.23113141798,500.0,1000000.0,999500.0
AccountId_4608,16,1937.5,3156.3428204173256,500.0,10000.0,9500.0
AccountId_461,19,1147.3684210526317,295.08646765281,1000.0,2000.0,1000.0
AccountId_4610,3,8333.333333333334,2886.7513459481293,5000.0,10000.0,5000.0
AccountId_4613,3,10000.0,0.0,10000.0,10000.0,0.0
AccountId_4614,33,1409.7878787878788,1140.8964062738057,33.0,5000.0,4967.0
AccountId_4615,6,8500.0,2720.2941017470885,5000.0,10500.0,5500.0
AccountId_4618,10,5343.2,5902.511344993568,500.0,14000.0,13500.0
AccountId_4620,1,2000.0,0.0,2000.0,2000.0,0.0
AccountId_4622,1,500.0,0.0,500.0,500.0,0.0
AccountId_4623,24,6125.0,4055.4043383892176,500.0,11000.0,10500.0
AccountId_4624,10,1400.0,567.6462121975467,500.0,2000.0,1500.0
AccountId_4625,8,6375.0,4103.569874424671,1000.0,10000.0,9000.0
AccountId_4627,24,2129.1666666666665,2189.992885965548,500.0,8000.0,7500.0
AccountId_4628,1,50000.0,0.0,50000.0,50000.0,0.0
AccountId_463,7,4571.428571428572,4995.235825502231,1000.0,15000.0,14000.0
AccountId_4630,1,4000.0,0.0,4000.0,4000.0,0.0
AccountId_4632,1,5000.0,0.0,5000.0,5000.0,0.0
AccountId_4633,2,20000.0,0.0,20000.0,20000.0,0.0
AccountId_4634,4,8250.0,8808.140174482542,1000.0,20000.0,19000.0
AccountId_4636,3,1000.0,0.0,1000.0,1000.0,0.0
AccountId_4637,8,141875.0,162523.34997074815,5000.0,500000.0,495000.0
AccountId_4638,2,50000.0,0.0,50000.0,50000.0,0.0
AccountId_4639,12,1141.6666666666667,699.9458853541768,500.0,3000.0,2500.0
AccountId_464,1,1000.0,0.0,1000.0,1000.0,0.0
AccountId_4640,21,6518.476190476191,3300.52098340622,500.0,12000.0,11500.0
AccountId_4643,3,8333.333333333334,2886.7513459481293,5000.0,10000.0,5000.0
AccountId_4644,5,1000.0,0.0,1000.0,1000.0,0.0
AccountId_4645,12,9666.666666666666,1497.4726182552527,5000.0,11000.0,6000.0
AccountId_4647,3,2666.6666666666665,2081.6659994661327,1000.0,5000.0,4000.0
AccountId_4648,13,1229.2307692307693,471.2476620359607,1000.0,2610.0,1610.0
AccountId_465,2,750.0,353.5533905932738,500.0,1000.0,500.0
AccountId_4650,6,8500.0,2345.207879911715,5000.0,10000.0,5000.0
AccountId_4651,6,6750.0,8824.681297361396,500.0,20000.0,19500.0
AccountId_4652,1,10000.0,0.0,10000.0,10000.0,0.0
AccountId_4653,3,8666.666666666666,2309.4010767585028,6000.0,10000.0,4000.0
AccountId_4654,44,12511.363636363636,8300.664470715046,500.0,50000.0,49500.0
AccountId_4655,1,800000.0,0.0,800000.0,800000.0,0.0
AccountId_4656,1,10000.0,0.0,10000.0,10000.0,0.0
AccountId_4658,2,5000.0,0.0,5000.0,5000.0,0.0
AccountId_4659,2,1050.0,70.71067811865476,1000.0,1100.0,100.0
AccountId_4660,2,28000.0,0.0,28000.0,28000.0,0.0
AccountId_4661,25,1276.0,559.2256551101115,500.0,3000.0,2500.0
AccountId_4662,1,1000.0,0.0,1000.0,1000.0,0.0
AccountId_4663,1,5000.0,0.0,5000.0,5000.0,0.0
AccountId_4664,1,500.0,0.0,500.0,500.0,0.0
AccountId_4665,2,750.0,353.5533905932738,500.0,1000.0,500.0
AccountId_4666,3,8666.666666666666,2309.4010767585028,6000.0,10000.0,4000.0
AccountId_4669,1,1000.0,0.0,1000.0,1000.0,0.0
AccountId_467,46,5228.260869565217,14829.664910329466,500.0,100000.0,99500.0
AccountId_4670,202,10121.163366336634,14435.744854717133,500.0,100000.0,99500.0
AccountId_4671,1,1000.0,0.0,1000.0,1000.0,0.0
AccountId_4672,86,2300.0,4770.990771441135,500.0,30000.0,29500.0
AccountId_4673,2,42500.0,53033.00858899106,5000.0,80000.0,75000.0
AccountId_4674,3,10000.0,0.0,10000.0,10000.0,0.0
AccountId_4677,2,500.0,0.0,500.0,500.0,0.0
AccountId_4678,1,80000.0,0.0,80000.0,80000.0,0.0
AccountId_4679,5,7200.0,4086.56334834051,1000.0,10000.0,9000.0
AccountId_468,8,17750.0,33345.592983609866,2000.0,100000.0,98000.0
AccountId_4680,129,1937.984496124031,1943.546765840162,500.0,10000.0,9500.0
AccountId_4681,2,500.0,0.0,500.0,500.0,0.0
AccountId_4682,7,10142.857142857143,377.9644730092271,10000.0,11000.0,1000.0
AccountId_4684,8,25725.0,37260.54021539217,500.0,100000.0,99500.0
AccountId_4686,1,10000.0,0.0,10000.0,10000.0,0.0
AccountId_4687,109,272886.2385321101,600897.0974745284,1000.0,3000000.0,2999000.0
AccountId_4688,9,944.4444444444445,166.66666666666666,500.0,1000.0,500.0
AccountId_4689,15,7700.0,4113.566405374851,1000.0,11000.0,10000.0
AccountId_469,3,8666.666666666666,2309.4010767585028,6000.0,10000.0,4000.0
AccountId_4691,12,28133.333333333332,35075.95222146399,600.0,76000.0,75400.0
AccountId_4692,4,2520.0,1709.2688495377197,1080.0,5000.0,3920.0
AccountId_4694,4,2500.0,1732.0508075688772,1000.0,5000.0,4000.0
AccountId_4695,3,10000.0,0.0,10000.0,10000.0,0.0
AccountId_4696,29,2831.0344827586205,3646.8287053152535,500.0,12000.0,11500.0
AccountId_4697,1,500.0,0.0,500.0,500.0,0.0
AccountId_4698,7,27714.285714285714,32724.68123457831,1000.0,64000.0,63000.0
AccountId_4699,2,8000.0,2828.42712474619,6000.0,10000.0,4000.0
AccountId_470,43,8144.186046511628,14594.035022922099,500.0,60000.0,59500.0
AccountId_4700,11,7927.272727272727,3227.7208395680404,2000.0,11200.0,9200.0
AccountId_4701,4,625.0,250.0,500.0,1000.0,500.0
AccountId_4702,8,1750.0,654.6536707079772,1000.0,3000.0,2000.0
AccountId_4703,44,9479.454545454546,2736.4254518805706,1000.0,15000.0,14000.0
AccountId_4704,31,10409.677419354839,2399.215821709207,6000.0,21700.0,15700.0
AccountId_4705,10,8600.0,2270.5848487901867,5000.0,10000.0,5000.0
AccountId_4706,49,777.5510204081633,249.38700357280138,500.0,1000.0,500.0
AccountId_4707,12,8416.666666666666,2353.269807709857,5000.0,10000.0,5000.0
AccountId_4708,2,7600.0,3394.1125496954282,5200.0,10000.0,4800.0
AccountId_4709,3,116000.0,83504.49089719667,33000.0,200000.0,167000.0
AccountId_471,3,3666.6666666666665,2309.401076758503,1000.0,5000.0,4000.0
AccountId_4710,3,8666.666666666666,2309.4010767585028,6000.0,10000.0,4000.0
AccountId_4711,1,3000.0,0.0,3000.0,3000.0,0.0
AccountId_4712,1,8000.0,0.0,8000.0,8000.0,0.0
AccountId_4713,7,-157142.85714285713,53452.248382484875,-200000.0,-100000.0,100000.0
AccountId_4714,6,8500.0,2345.207879911715,5000.0,10000.0,5000.0
AccountId_4716,2,1000.0,0.0,1000.0,1000.0,0.0
AccountId_4717,1,500.0,0.0,500.0,500.0,0.0
AccountId_4718,1,80000.0,0.0,80000.0,80000.0,0.0
AccountId_4719,4,10000.0,0.0,10000.0,10000.0,0.0
AccountId_472,1,500.0,0.0,500.0,500.0,0.0
AccountId_4722,2,1000.0,0.0,1000.0,1000.0,0.0
AccountId_4726,38,3161.4473684210525,3433.8125741589843,500.0,10000.0,9500.0
AccountId_4728,4,6500.0,4222.953153106642,1500.0,10000.0,8500.0
AccountId_4729,17,4452.941176470588,4119.332113197906,1000.0,10800.0,9800.0
AccountId_4730,1,5000.0,0.0,5000.0,5000.0,0.0
AccountId_4731,9,9622.222222222223,6228.317946640525,500.0,21700.0,21200.0
AccountId_4732,8,1687.5,1437.6940862764532,500.0,5000.0,4500.0
AccountId_4733,4,12750.0,4856.267428111155,10000.0,20000.0,10000.0
AccountId_4734,80,4555.0,4199.213307878428,500.0,10000.0,9500.0
AccountId_4735,8,5625.0,4138.236339311713,1000.0,14000.0,13000.0
AccountId_4737,3,8400.0,2771.2812921102036,5200.0,10000.0,4800.0
AccountId_4738,15,6733.333333333333,3858.509458080314,500.0,10000.0,9500.0
AccountId_4739,13,13076.923076923076,4803.844614152614,10000.0,20000.0,10000.0
AccountId_474,4,6000.0,2000.0,5000.0,9000.0,4000.0
AccountId_4741,1,5000.0,0.0,5000.0,5000.0,0.0
AccountId_4742,49,10869.408163265307,15497.605691308103,101.0,50000.0,49899.0
AccountId_4743,3,8400.0,2771.2812921102036,5200.0,10000.0,4800.0
AccountId_4745,2,1000.0,0.0,1000.0,1000.0,0.0
AccountId_4747,3,8666.666666666666,2309.4010767585028,6000.0,10000.0,4000.0
AccountId_4749,18,2327.777777777778,4519.0844407918,500.0,20000.0,19500.0
AccountId_4752,3,10000.0,0.0,10000.0,10000.0,0.0
AccountId_4754,10,2500.0,3188.5210782848317,500.0,10000.0,9500.0
AccountId_4756,17,9411.764705882353,1660.527910387679,5000.0,10000.0,5000.0
AccountId_4757,9,8222.222222222223,3833.3333333333335,1000.0,11000.0,10000.0
AccountId_4758,6,7700.0,3760.319135392633,1200.0,10000.0,8800.0
AccountId_476,315,6504.780952380952,51083.12249544835,500.0,900000.0,899500.0
AccountId_4760,28,7071.428571428572,3853.123518207124,500.0,11000.0,10500.0
AccountId_4762,11,3632.090909090909,3725.651633058181,100.0,12000.0,11900.0
AccountId_4763,8,26350.0,39724.156019084556,800.0,100000.0,99200.0
AccountId_4764,4,5000.0,0.0,5000.0,5000.0,0.0
AccountId_4767,46,2769.3478260869565,2248.855908801345,200.0,9000.0,8800.0
AccountId_4768,3,8666.666666666666,2309.4010767585028,6000.0,10000.0,4000.0
AccountId_4769,27,10222.222222222223,20370.29008013185,1000.0,100000.0,99000.0
AccountId_477,2,2000.0,1414.213562373095,1000.0,3000.0,2000.0
AccountId_4770,4,9000.0,2000.0,6000.0,10000.0,4000.0
AccountId_4771,4,12500.0,5000.0,10000.0,20000.0,10000.0
AccountId_4773,3,8666.666666666666,2309.4010767585028,6000.0,10000.0,4000.0
AccountId_4774,2,2750.0,3181.9805153394636,500.0,5000.0,4500.0
AccountId_4776,11,9272.727272727272,23542.64602414482,1000.0,80000.0,79000.0
AccountId_4777,1,1000.0,0.0,1000.0,1000.0,0.0
AccountId_4779,10,3800.0,4289.522117905443,1000.0,10000.0,9000.0
AccountId_478,19,1694.7368421052631,905.2155570240508,500.0,4000.0,3500.0
AccountId_4780,6,8500.0,2345.207879911715,5000.0,10000.0,5000.0
AccountId_4782,7,10000.0,0.0,10000.0,10000.0,0.0
AccountId_4784,3,10000.0,0.0,10000.0,10000.0,0.0
AccountId_4785,20,18500.0,19294.122366532687,2000.0,90000.0,88000.0
AccountId_4786,1,50000.0,0.0,50000.0,50000.0,0.0
AccountId_4787,13,7769.2307692307695,4126.213885105936,1000.0,15000.0,14000.0
AccountId_4788,8,12501.25,4628.330268188364,10000.0,20000.0,10000.0
AccountId_4789,8,10750.0,1752.549163769328,10000.0,15000.0,5000.0
AccountId_479,8,5075.0,3747.6659402887017,600.0,10000.0,9400.0
AccountId_4790,8,9500.0,1851.640199545103,5000.0,11000.0,6000.0
AccountId_4791,35,8857.142857142857,2713.179783540915,1000.0,10000.0,9000.0
AccountId_4792,28,7721.428571428572,3799.9373428418276,700.0,10500.0,9800.0
AccountId_4793,16,10700.0,3237.282811247729,5000.0,20200.0,15200.0
AccountId_4794,9,7888.888888888889,3370.624736026114,1000.0,10000.0,9000.0
AccountId_4795,1,10000.0,0.0,10000.0,10000.0,0.0
AccountId_4796,12,6333.333333333333,4313.474308032981,1000.0,11000.0,10000.0
AccountId_4797,41,5621.707317073171,2844.8256031249302,500.0,10000.0,9500.0
AccountId_4798,1,80000.0,0.0,80000.0,80000.0,0.0
AccountId_4800,12,4250.0,4408.15360233944,500.0,10000.0,9500.0
AccountId_4802,24,7125.0,3973.4171034842116,1000.0,10000.0,9000.0
AccountId_4803,16,10062.5,2015.5644370746372,5000.0,16000.0,11000.0
AccountId_4804,7,14571.42857142857,9271.050693011064,1000.0,20000.0,19000.0
AccountId_4805,12,2304.1666666666665,1461.3907344676434,200.0,4200.0,4000.0
AccountId_4807,1,5000.0,0.0,5000.0,5000.0,0.0
AccountId_4808,12,9666.666666666666,1497.4726182552527,5000.0,11000.0,6000.0
AccountId_4809,3,8666.666666666666,2309.4010767585028,6000.0,10000.0,4000.0
AccountId_481,1,1000.0,0.0,1000.0,1000.0,0.0
AccountId_4811,6,10000.0,0.0,10000.0,10000.0,0.0
AccountId_4812,5,5200.0,4644.889664997437,500.0,10000.0,9500.0
AccountId_4813,9,10000.0,0.0,10000.0,10000.0,0.0
AccountId_4814,26,99115.38461538461,75211.74212745077,1000.0,160000.0,159000.0
AccountId_4815,7,1785.7142857142858,1149.53406710222,500.0,4000.0,3500.0
AccountId_4816,24,7291.666666666667,4026.857299451388,1000.0,10000.0,9000.0
AccountId_4817,23,9782.608695652174,1042.572070285374,5000.0,10000.0,5000.0
AccountId_4818,2,8000.0,2828.42712474619,6000.0,10000.0,4000.0
AccountId_482,1,1000.0,0.0,1000.0,1000.0,0.0
AccountId_4820,9,12933.333333333334,5494.770240874499,5700.0,20000.0,14300.0
AccountId_4821,5,9200.0,2387.4672772626645,5000.0,11000.0,6000.0
AccountId_4822,4,6500.0,4358.898943540674,1000.0,10000.0,9000.0
AccountId_4823,5,9200.0,1788.8543819998317,6000.0,10000.0,4000.0
AccountId_4824,28,8429.464285714286,2959.20608074309,500.0,10025.0,9525.0
AccountId_4825,5,7200.0,4086.56334834051,1000.0,10000.0,9000.0
AccountId_4826,1,448000.0,0.0,448000.0,448000.0,0.0
AccountId_4827,6,3333.3333333333335,3265.986323710904,2000.0,10000.0,8000.0
AccountId_4828,1,1000.0,0.0,1000.0,1000.0,0.0
AccountId_4829,3,1000.0,0.0,1000.0,1000.0,0.0
AccountId_483,47,10576.574468085106,6882.547571637677,500.0,31200.0,30700.0
AccountId_4830,6,10000.0,0.0,10000.0,10000.0,0.0
AccountId_4831,2,10000.0,0.0,10000.0,10000.0,0.0
AccountId_4832,2,9999.0,0.0,9999.0,9999.0,0.0
AccountId_4833,2,5000.0,0.0,5000.0,5000.0,0.0
AccountId_4834,6,10833.333333333334,7359.800721939872,5000.0,20000.0,15000.0
AccountId_4835,10,1170.0,1779.5442612584204,500.0,6200.0,5700.0
AccountId_4836,5,61200.0,53147.90682613945,1000.0,100000.0,99000.0
AccountId_4837,3,20000.0,25980.76211353316,5000.0,50000.0,45000.0
AccountId_4838,1,500.0,0.0,500.0,500.0,0.0
AccountId_4840,1738,-1000.0,0.0,-1000.0,-1000.0,0.0
AccountId_4841,30893,-898.2707247596543,1845.812751711022,-25000.0,50.0,25050.0
AccountId_485,2,1000.0,0.0,1000.0,1000.0,0.0
AccountId_49,4,1800.0,909.2121131323904,1000.0,3000.0,2000.0
AccountId_490,4,7100.0,4219.794623754415,900.0,10000.0,9100.0
AccountId_491,19,6368.421052631579,4108.940473268686,500.0,10000.0,9500.0
AccountId_492,1,5000.0,0.0,5000.0,5000.0,0.0
AccountId_493,11,3193.181818181818,3606.5927637642103,500.0,10000.0,9500.0
AccountId_494,2,750.0,353.5533905932738,500.0,1000.0,500.0
AccountId_495,1,1000.0,0.0,1000.0,1000.0,0.0
AccountId_496,8,5062.5,11318.245383955438,500.0,33000.0,32500.0
AccountId_497,1,3000.0,0.0,3000.0,3000.0,0.0
AccountId_498,4,12750.0,4856.267428111155,10000.0,20000.0,10000.0
AccountId_5,2,20000.0,0.0,20000.0,20000.0,0.0
AccountId_50,2,12500.0,10606.601717798212,5000.0,20000.0,15000.0
AccountId_500,4,750.0,288.67513459481285,500.0,1000.0,500.0
AccountId_502,1,300000.0,0.0,300000.0,300000.0,0.0
AccountId_505,1,1000.0,0.0,1000.0,1000.0,0.0
AccountId_506,46,8493.478260869566,7205.997569121403,500.0,20000.0,19500.0
AccountId_507,12,2916.6666666666665,3396.7453227875044,1000.0,10000.0,9000.0
AccountId_508,5,1270.0,774.2738533619743,150.0,2000.0,1850.0
AccountId_509,4,1375.0,629.1528696058958,500.0,2000.0,1500.0
AccountId_51,10,10600.0,3977.715704047013,5000.0,21000.0,16000.0
AccountId_510,19,1489.4736842105262,731.7366988823426,500.0,3000.0,2500.0
AccountId_511,3,10000.0,0.0,10000.0,10000.0,0.0
AccountId_512,3,8666.666666666666,2309.4010767585028,6000.0,10000.0,4000.0
AccountId_513,3,17333.333333333332,28290.16319029166,1000.0,50000.0,49000.0
AccountId_514,5,5000.0,3240.37034920393,1000.0,10000.0,9000.0
AccountId_515,3,10000.0,0.0,10000.0,10000.0,0.0
AccountId_518,2,750.0,353.5533905932738,500.0,1000.0,500.0
AccountId_520,22,5290.909090909091,4498.244005631434,500.0,10200.0,9700.0
AccountId_521,2,2750.0,3181.9805153394636,500.0,5000.0,4500.0
AccountId_522,4,12500.0,5000.0,10000.0,20000.0,10000.0
AccountId_523,5,600200.0,334962.9830294685,1000.0,750000.0,749000.0
AccountId_524,7,11571.42857142857,3735.288603626359,10000.0,20000.0,10000.0
AccountId_525,8,3237.5,3124.985714253061,500.0,10000.0,9500.0
AccountId_526,22,9163.636363636364,2274.401115217022,1000.0,10700.0,9700.0
AccountId_527,1,10000.0,0.0,10000.0,10000.0,0.0
AccountId_528,1,25000.0,0.0,25000.0,25000.0,0.0
AccountId_529,2,10000.0,0.0,10000.0,10000.0,0.0
AccountId_530,38,60210.52631578947,180396.6587295801,500.0,1000000.0,999500.0
AccountId_532,1,20000.0,0.0,20000.0,20000.0,0.0
AccountId_533,1,900.0,0.0,900.0,900.0,0.0
AccountId_535,1,1000.0,0.0,1000.0,1000.0,0.0
AccountId_537,51,1850.9803921568628,2062.946683656134,500.0,10000.0,9500.0
AccountId_538,84,5594.3452380952385,5001.754317523864,500.0,28000.0,27500.0
AccountId_54,1,1000.0,0.0,1000.0,1000.0,0.0
AccountId_542,3,8333.333333333334,2886.7513459481293,5000.0,10000.0,5000.0
AccountId_545,5,20800.0,44274.145954495834,1000.0,100000.0,99000.0
AccountId_546,3,14666.666666666666,9237.604307034013,4000.0,20000.0,16000.0
AccountId_547,7,7285.714285714285,3638.419332360584,1000.0,10000.0,9000.0
AccountId_548,11,2363.6363636363635,3058.52014126856,500.0,10000.0,9500.0
AccountId_549,3,8400.0,2944.486372867091,5000.0,10100.0,5100.0
AccountId_55,3,8666.666666666666,2309.4010767585028,6000.0,10000.0,4000.0
AccountId_550,5,8300.0,10680.58987135074,500.0,20000.0,19500.0
AccountId_551,4,2000.0,1224.744871391589,500.0,3000.0,2500.0
AccountId_552,3,8400.0,2771.2812921102036,5200.0,10000.0,4800.0
AccountId_553,6,3866.6666666666665,3625.833237569906,1000.0,10000.0,9000.0
AccountId_554,1,60000.0,0.0,60000.0,60000.0,0.0
AccountId_556,6,10116.666666666666,285.773803324704,10000.0,10700.0,700.0
AccountId_557,2,3800.0,3959.7979746446663,1000.0,6600.0,5600.0
AccountId_558,3,3666.6666666666665,5484.827557301445,500.0,10000.0,9500.0
AccountId_559,3,10000.0,0.0,10000.0,10000.0,0.0
AccountId_560,2,1000.0,0.0,1000.0,1000.0,0.0
AccountId_562,4,12500.0,5000.0,10000.0,20000.0,10000.0
AccountId_563,1,10000.0,0.0,10000.0,10000.0,0.0
AccountId_564,15,1440.0,719.920630545975,500.0,2000.0,1500.0
AccountId_566,8,2500.0,1603.5674514745463,1000.0,5000.0,4000.0
AccountId_568,117,8444.444444444445,12876.357942746536,500.0,90000.0,89500.0
AccountId_569,26,3153.846153846154,5592.439951880093,500.0,25000.0,24500.0
AccountId_570,1,1000.0,0.0,1000.0,1000.0,0.0
AccountId_571,173,1898.2658959537573,1896.8294840809995,500.0,15000.0,14500.0
AccountId_572,106,787415.0943396227,1333414.8489457578,1000.0,7000000.0,6999000.0
AccountId_574,5,5200.0,4549.72526643093,1000.0,10000.0,9000.0
AccountId_575,21,2523.809523809524,1030.487633067356,1000.0,5000.0,4000.0
AccountId_576,32,3062.5,6549.7475942502615,500.0,34000.0,33500.0
AccountId_577,2,2000.0,0.0,2000.0,2000.0,0.0
AccountId_578,9,20146.666666666668,21233.81589587703,1000.0,46255.0,45255.0
AccountId_579,1,5000.0,0.0,5000.0,5000.0,0.0
AccountId_581,3,80000.0,0.0,80000.0,80000.0,0.0
AccountId_582,20,2892.0,2492.0538982090557,1000.0,10000.0,9000.0
AccountId_583,11,6909.090909090909,3780.331875762906,1000.0,10000.0,9000.0
AccountId_584,10,2560.0,3454.8516610702695,500.0,10000.0,9500.0
AccountId_585,11,3227.2727272727275,4854.707181507637,500.0,15000.0,14500.0
AccountId_586,2,1400.0,565.685424949238,1000.0,1800.0,800.0
AccountId_587,3,2333.3333333333335,2309.401076758503,1000.0,5000.0,4000.0
AccountId_588,1,1000.0,0.0,1000.0,1000.0,0.0
AccountId_589,10,10100.0,316.22776601683785,10000.0,11000.0,1000.0
AccountId_59,4,12750.0,4856.267428111155,10000.0,20000.0,10000.0
AccountId_590,1,1000.0,0.0,1000.0,1000.0,0.0
AccountId_591,4,10000.0,0.0,10000.0,10000.0,0.0
AccountId_592,9,9577.777777777777,1546.591233792706,5500.0,10700.0,5200.0
AccountId_593,5,980.0,356.37059362410923,500.0,1500.0,1000.0
AccountId_594,18,3394.4444444444443,2290.767203162505,500.0,6000.0,5500.0
AccountId_596,2,12500.0,3535.5339059327375,10000.0,15000.0,5000.0
AccountId_598,1,5000.0,0.0,5000.0,5000.0,0.0
AccountId_6,1,200000.0,0.0,200000.0,200000.0,0.0
AccountId_60,11,3836.3636363636365,2398.8633672106994,500.0,10000.0,9500.0
AccountId_600,2,750.0,353.5533905932738,500.0,1000.0,500.0
AccountId_602,7,7428.571428571428,7828.519290754433,2000.0,25000.0,23000.0
AccountId_604,2,7000.0,4242.640687119285,4000.0,10000.0,6000.0
AccountId_605,2,900.0,141.4213562373095,800.0,1000.0,200.0
AccountId_606,2,500.0,0.0,500.0,500.0,0.0
AccountId_607,1,500.0,0.0,500.0,500.0,0.0
AccountId_608,1,10000.0,0.0,10000.0,10000.0,0.0
AccountId_609,1,500.0,0.0,500.0,500.0,0.0
AccountId_61,7,28928.571428571428,3101.458950082625,26500.0,35000.0,8500.0
AccountId_610,1,1000.0,0.0,1000.0,1000.0,0.0
AccountId_612,12,10916.666666666666,2874.917653629668,10000.0,20000.0,10000.0
AccountId_614,3,8666.666666666666,2309.4010767585028,6000.0,10000.0,4000.0
AccountId_617,1,1000.0,0.0,1000.0,1000.0,0.0
AccountId_618,1,10000.0,0.0,10000.0,10000.0,0.0
AccountId_619,28,2167.8571428571427,4386.431399586732,500.0,20000.0,19500.0
AccountId_62,1,1000.0,0.0,1000.0,1000.0,0.0
AccountId_620,29,4388.620689655172,7357.87356419635,500.0,24000.0,23500.0
AccountId_621,1,15000.0,0.0,15000.0,15000.0,0.0
AccountId_622,6,1816.6666666666667,960.0347215943112,1000.0,3000.0,2000.0
AccountId_623,2,2000.0,0.0,2000.0,2000.0,0.0
AccountId_626,2,750.0,353.5533905932738,500.0,1000.0,500.0
AccountId_627,1,100000.0,0.0,100000.0,100000.0,0.0
AccountId_628,6,4750.0,7574.628703771558,500.0,20000.0,19500.0
AccountId_63,1,2000.0,0.0,2000.0,2000.0,0.0
AccountId_630,88,7228.409090909091,12261.74266049081,500.0,80000.0,79500.0
AccountId_633,3,8666.666666666666,2309.4010767585028,6000.0,10000.0,4000.0
AccountId_635,3,633.3333333333334,230.9401076758503,500.0,900.0,400.0
AccountId_636,1,2000.0,0.0,2000.0,2000.0,0.0
AccountId_638,46,11771.95652173913,13232.222719065627,500.0,49600.0,49100.0
AccountId_639,2,20000.0,0.0,20000.0,20000.0,0.0
AccountId_64,1,10000.0,0.0,10000.0,10000.0,0.0
AccountId_640,12,8416.666666666666,2353.269807709857,5000.0,10000.0,5000.0
AccountId_642,3,10333.333333333334,577.3502691896255,10000.0,11000.0,1000.0
AccountId_646,2,1000.0,0.0,1000.0,1000.0,0.0
AccountId_647,1,20000.0,0.0,20000.0,20000.0,0.0
AccountId_648,26,9653.846153846154,19707.241933243335,500.0,100000.0,99500.0
AccountId_649,1,10000.0,0.0,10000.0,10000.0,0.0
AccountId_650,5,2000.0,707.1067811865476,1000.0,3000.0,2000.0
AccountId_651,1,2000.0,0.0,2000.0,2000.0,0.0
AccountId_652,4,6500.0,4358.898943540674,1000.0,10000.0,9000.0
AccountId_653,3,8666.666666666666,2309.4010767585028,6000.0,10000.0,4000.0
AccountId_654,61,9475.409836065573,17891.437949828636,500.0,90000.0,89500.0
AccountId_656,15,9666.666666666666,1290.9944487358055,5000.0,10000.0,5000.0
AccountId_658,14,9392.857142857143,1571.11635259983,5000.0,10000.0,5000.0
AccountId_661,3,8400.0,2771.2812921102036,5200.0,10000.0,4800.0
AccountId_662,5,900.0,418.33001326703777,500.0,1500.0,1000.0
AccountId_663,4,6500.0,4222.953153106642,1500.0,10000.0,8500.0
AccountId_664,1,2000.0,0.0,2000.0,2000.0,0.0
AccountId_665,6,9166.666666666666,2041.2414523193152,5000.0,10000.0,5000.0
AccountId_666,1,1000.0,0.0,1000.0,1000.0,0.0
AccountId_667,1,28000.0,0.0,28000.0,28000.0,0.0
AccountId_668,2,10000.0,0.0,10000.0,10000.0,0.0
AccountId_669,1,500.0,0.0,500.0,500.0,0.0
AccountId_670,4,7000.0,4082.48290463863,1000.0,10000.0,9000.0
AccountId_672,42,3069.0476190476193,4067.029124571909,600.0,22000.0,21400.0
AccountId_674,8,95485.0,119332.84340149493,1000.0,300000.0,299000.0
AccountId_675,3,8666.666666666666,2309.4010767585028,6000.0,10000.0,4000.0
AccountId_678,120,2461.6666666666665,2834.6648708395824,500.0,10000.0,9500.0
AccountId_679,1,5000.0,0.0,5000.0,5000.0,0.0
AccountId_68,14,22142.85714285714,33033.449580823246,5000.0,100000.0,95000.0
AccountId_680,1,7000.0,0.0,7000.0,7000.0,0.0
AccountId_683,11,1681.8181818181818,1874.469621956132,500.0,5000.0,4500.0
AccountId_685,8,3375.0,4103.569874424671,1000.0,10000.0,9000.0
AccountId_686,1,500.0,0.0,500.0,500.0,0.0
AccountId_687,7,8142.857142857143,8199.157912626788,500.0,20000.0,19500.0
AccountId_688,4,875.0,250.0,500.0,1000.0,500.0
AccountId_689,32,3859.375,4819.708154395698,500.0,23000.0,22500.0
AccountId_69,12,9750.0,866.0254037844386,7000.0,10000.0,3000.0
AccountId_690,2,1000.0,0.0,1000.0,1000.0,0.0
AccountId_691,1,1000.0,0.0,1000.0,1000.0,0.0
AccountId_692,13,3915.3846153846152,8105.846259937551,500.0,28000.0,27500.0
AccountId_694,1,1000.0,0.0,1000.0,1000.0,0.0
AccountId_696,3,8333.333333333334,2886.7513459481293,5000.0,10000.0,5000.0
AccountId_697,24,10833.333333333334,10068.198606920992,500.0,22050.0,21550.0
AccountId_698,1,50000.0,0.0,50000.0,50000.0,0.0
AccountId_7,1,500.0,0.0,500.0,500.0,0.0
AccountId_70,12,3675.0,1895.9885883814616,500.0,5000.0,4500.0
AccountId_701,3,8333.333333333334,2886.7513459481293,5000.0,10000.0,5000.0
AccountId_702,11,2062.090909090909,2158.056554149842,500.0,6000.0,5500.0
AccountId_705,1,1000.0,0.0,1000.0,1000.0,0.0
AccountId_707,1,5000.0,0.0,5000.0,5000.0,0.0
AccountId_709,5,11600.0,21466.252583997983,2000.0,50000.0,48000.0
AccountId_71,14,10392.857142857143,17081.45482390475,500.0,50000.0,49500.0
AccountId_710,6,2300.0,1862.2566955175648,600.0,4000.0,3400.0
AccountId_711,31,5220.967741935484,7177.996171095249,500.0,30000.0,29500.0
AccountId_712,3,2000.0,1000.0,1000.0,3000.0,2000.0
AccountId_713,4,1375.0,1108.6778913041726,500.0,3000.0,2500.0
AccountId_714,1,5000.0,0.0,5000.0,5000.0,0.0
AccountId_715,15,966.6666666666666,423.7025012007948,500.0,2000.0,1500.0
AccountId_716,6,8500.0,2345.207879911715,5000.0,10000.0,5000.0
AccountId_72,4,12750.0,4856.267428111155,10000.0,20000.0,10000.0
AccountId_720,7,2071.4285714285716,1426.7845968170127,500.0,5000.0,4500.0
AccountId_721,29,7693.620689655172,4997.360892180943,900.0,20000.0,19100.0
AccountId_724,1,500.0,0.0,500.0,500.0,0.0
AccountId_726,1,5000.0,0.0,5000.0,5000.0,0.0
AccountId_727,4,59750.0,66715.19067398869,2000.0,120000.0,118000.0
AccountId_729,1,1000.0,0.0,1000.0,1000.0,0.0
AccountId_730,36,6058.333333333333,3126.419677522517,100.0,10000.0,9900.0
AccountId_734,3,10000.0,0.0,10000.0,10000.0,0.0
AccountId_735,1,20000.0,0.0,20000.0,20000.0,0.0
AccountId_736,1,5000.0,0.0,5000.0,5000.0,0.0
AccountId_737,2,750.0,353.5533905932738,500.0,1000.0,500.0
AccountId_738,3,8333.333333333334,2886.7513459481293,5000.0,10000.0,5000.0
AccountId_739,1,500.0,0.0,500.0,500.0,0.0
AccountId_740,1,10000.0,0.0,10000.0,10000.0,0.0
AccountId_741,2,2000.0,0.0,2000.0,2000.0,0.0
AccountId_742,21,3728.5714285714284,4587.716518829695,500.0,15000.0,14500.0
AccountId_743,6,8500.0,2345.207879911715,5000.0,10000.0,5000.0
AccountId_744,90,1918.7777777777778,1810.1473202059933,500.0,10000.0,9500.0
AccountId_746,2,1500.0,707.1067811865476,1000.0,2000.0,1000.0
AccountId_747,12,6750.0,3646.293261032983,1000.0,10000.0,9000.0
AccountId_748,31,1999.3548387096773,1516.8496640161168,100.0,5200.0,5100.0
AccountId_749,4,9625.0,9321.793461203339,1500.0,20000.0,18500.0
AccountId_75,1,2000.0,0.0,2000.0,2000.0,0.0
AccountId_750,7,857.1428571428571,556.3486402641868,500.0,2000.0,1500.0
AccountId_751,411,4849.878345498783,24376.199282262583,500.0,202000.0,201500.0
AccountId_753,1,20000.0,0.0,20000.0,20000.0,0.0
AccountId_754,7,1028.5714285714287,505.68200058365306,500.0,2000.0,1500.0
AccountId_756,9,6666.666666666667,5873.670062235366,1000.0,15000.0,14000.0
AccountId_757,10,7600.0,3306.5591380365986,1000.0,10000.0,9000.0
AccountId_758,1,30000.0,0.0,30000.0,30000.0,0.0
AccountId_759,5,12200.0,4919.349550499537,10000.0,21000.0,11000.0
AccountId_76,9,11222.222222222223,3308.2388735465347,10000.0,20000.0,10000.0
AccountId_760,1,500.0,0.0,500.0,500.0,0.0
AccountId_761,1,10000.0,0.0,10000.0,10000.0,0.0
AccountId_763,7,11571.42857142857,3735.288603626359,10000.0,20000.0,10000.0
AccountId_764,5,9200.0,2079.663434308542,5500.0,10500.0,5000.0
AccountId_766,1,1000.0,0.0,1000.0,1000.0,0.0
AccountId_767,4,6500.0,4358.898943540674,1000.0,10000.0,9000.0
AccountId_768,15,2400.0,3263.433774416144,500.0,10000.0,9500.0
AccountId_769,32,1750.0,252.72706175226963,700.0,2000.0,1300.0
AccountId_77,8,625.0,231.45502494313786,500.0,1000.0,500.0
AccountId_771,5,1400.0,547.7225575051662,1000.0,2000.0,1000.0
AccountId_772,1,4000.0,0.0,4000.0,4000.0,0.0
AccountId_773,16,6625.0,4256.36777859558,1000.0,11000.0,10000.0
AccountId_774,6,916.6666666666666,204.12414523193152,500.0,1000.0,500.0
AccountId_775,1,2000.0,0.0,2000.0,2000.0,0.0
AccountId_776,4,3359.75,1831.6404987515061,1000.0,5000.0,4000.0
AccountId_777,1,1850000.0,0.0,1850000.0,1850000.0,0.0
AccountId_778,1,1000.0,0.0,1000.0,1000.0,0.0
AccountId_779,3,10000.0,0.0,10000.0,10000.0,0.0
AccountId_780,1,5000.0,0.0,5000.0,5000.0,0.0
AccountId_782,25,3752.0,2810.5634073378715,700.0,10000.0,9300.0
AccountId_784,2,500.0,0.0,500.0,500.0,0.0
AccountId_785,2,2500.0,707.1067811865476,2000.0,3000.0,1000.0
AccountId_786,6,3000.0,1897.3665961010277,1000.0,5000.0,4000.0
AccountId_789,5,700.0,273.8612787525831,500.0,1000.0,500.0
AccountId_79,4,6500.0,4358.898943540674,1000.0,10000.0,9000.0
AccountId_790,8,9125.0,12755.251019538133,1000.0,40000.0,39000.0
AccountId_792,10,12070.0,4367.06105089249,10000.0,20700.0,10700.0
AccountId_795,1,5000.0,0.0,5000.0,5000.0,0.0
AccountId_796,36,5177.777777777777,3794.4403774177003,500.0,10000.0,9500.0
AccountId_8,9,83000.0,25514.701644346147,47000.0,100000.0,53000.0
AccountId_80,2,1000.0,0.0,1000.0,1000.0,0.0
AccountId_801,4,2375.0,1887.4586088176875,500.0,5000.0,4500.0
AccountId_802,3,10000.0,0.0,10000.0,10000.0,0.0
AccountId_803,14,6857.142857142857,3939.0967894281953,1000.0,10000.0,9000.0
AccountId_806,2,1000.0,0.0,1000.0,1000.0,0.0
AccountId_809,1,3000.0,0.0,3000.0,3000.0,0.0
AccountId_81,20,1280.0,653.412096935045,500.0,2880.0,2380.0
AccountId_810,7,800.0,873.6894948054105,200.0,2500.0,2300.0
AccountId_812,260,6069.219230769231,8829.569728189303,500.0,49000.0,48500.0
AccountId_814,4,10175.0,350.0,10000.0,10700.0,700.0
AccountId_815,3,8666.666666666666,2309.4010767585028,6000.0,10000.0,4000.0
AccountId_816,9,8321.111111111111,3211.7769398124633,1000.0,11000.0,10000.0
AccountId_817,1,2500.0,0.0,2500.0,2500.0,0.0
AccountId_818,4,1400.0,875.5950357709131,600.0,2300.0,1700.0
AccountId_819,8,9500.0,1851.640199545103,5000.0,11000.0,6000.0
AccountId_82,13,55846.153846153844,72637.91038872901,500.0,180000.0,179500.0
AccountId_820,3,10000.0,0.0,10000.0,10000.0,0.0
AccountId_821,3,20000.0,10000.0,10000.0,30000.0,20000.0
AccountId_825,1,1000.0,0.0,1000.0,1000.0,0.0
AccountId_826,10,12600.0,16160.033003266628,2000.0,54600.0,52600.0
AccountId_827,3,1833.3333333333333,577.3502691896257,1500.0,2500.0,1000.0
AccountId_828,52,4623.076923076923,4785.952294634354,500.0,19500.0,19000.0
AccountId_829,1,1000.0,0.0,1000.0,1000.0,0.0
AccountId_83,39,2669.230769230769,4577.528283056942,500.0,19000.0,18500.0
AccountId_830,155,58090.290322580644,447290.03784872504,500.0,5000000.0,4999500.0
AccountId_832,4,7219.5,12439.0,1000.0,25878.0,24878.0
AccountId_834,1,2000.0,0.0,2000.0,2000.0,0.0
AccountId_835,54,2758.8888888888887,3278.7973328166436,500.0,11000.0,10500.0
AccountId_837,2,8000.0,2828.42712474619,6000.0,10000.0,4000.0
AccountId_838,12,4618.333333333333,4682.1553570848955,500.0,11000.0,10500.0
AccountId_839,1,1000.0,0.0,1000.0,1000.0,0.0
AccountId_840,2,3500.0,2121.3203435596424,2000.0,5000.0,3000.0
AccountId_841,4,12500.0,5000.0,10000.0,20000.0,10000.0
AccountId_843,2,1500.0,707.1067811865476,1000.0,2000.0,1000.0
AccountId_844,11,8727.272727272728,2195.035721390843,5000.0,10000.0,5000.0
AccountId_845,4,6625.0,4497.684589504544,500.0,10000.0,9500.0
AccountId_846,12,3550.0,3400.9357001218996,500.0,10000.0,9500.0
AccountId_847,2,7500.0,3535.5339059327375,5000.0,10000.0,5000.0
AccountId_848,2,7500.0,3535.5339059327375,5000.0,10000.0,5000.0
AccountId_849,4,6250.0,4500.0,1000.0,10000.0,9000.0
AccountId_85,3,8666.666666666666,2309.4010767585028,6000.0,10000.0,4000.0
AccountId_850,3,8500.0,2598.076211353316,5500.0,10000.0,4500.0
AccountId_851,2,7500.0,3535.5339059327375,5000.0,10000.0,5000.0
AccountId_852,2,7500.0,3535.5339059327375,5000.0,10000.0,5000.0
AccountId_853,2,7500.0,3535.5339059327375,5000.0,10000.0,5000.0
AccountId_854,118,5222.050847457627,10024.579769394222,500.0,83170.0,82670.0
AccountId_855,21,7904.761904761905,3961.120572574911,1000.0,11000.0,10000.0
AccountId_856,29,1531.0344827586207,2029.2685959435626,1000.0,12000.0,11000.0
AccountId_857,2,7500.0,3535.5339059327375,5000.0,10000.0,5000.0
AccountId_86,1,1000.0,0.0,1000.0,1000.0,0.0
AccountId_860,5,4000.0,3674.234614174767,1000.0,10000.0,9000.0
AccountId_861,4,9000.0,2000.0,6000.0,10000.0,4000.0
AccountId_862,2,18500.0,25455.84412271571,500.0,36500.0,36000.0
AccountId_863,2,100000.0,0.0,100000.0,100000.0,0.0
AccountId_864,9,4555.555555555556,6023.103666530884,1000.0,20000.0,19000.0
AccountId_865,28,3803.5714285714284,6766.3920110026775,500.0,26500.0,26000.0
AccountId_866,1,1000.0,0.0,1000.0,1000.0,0.0
AccountId_868,5,8100.0,2607.6809620810595,5000.0,10000.0,5000.0
AccountId_869,53,2650.943396226415,1808.2740008414135,500.0,5000.0,4500.0
AccountId_870,3,1333.3333333333333,577.3502691896257,1000.0,2000.0,1000.0
AccountId_871,10,5100.0,4389.38112570174,500.0,10000.0,9500.0
AccountId_872,3,8666.666666666666,2309.4010767585028,6000.0,10000.0,4000.0
AccountId_873,27,3150.185185185185,9811.294559125516,200.0,52000.0,51800.0
AccountId_874,3,7166.666666666667,11116.804097101529,500.0,20000.0,19500.0
AccountId_875,1,10000.0,0.0,10000.0,10000.0,0.0
AccountId_876,1,1000.0,0.0,1000.0,1000.0,0.0
AccountId_877,4,3000.0,2160.2468994692867,1000.0,6000.0,5000.0
AccountId_878,19,4201.578947368421,3201.808973339038,810.0,10000.0,9190.0
AccountId_879,3,8666.666666666666,2309.4010767585028,6000.0,10000.0,4000.0
AccountId_88,1,10000.0,0.0,10000.0,10000.0,0.0
AccountId_880,1,1000.0,0.0,1000.0,1000.0,0.0
AccountId_882,1,2000.0,0.0,2000.0,2000.0,0.0
AccountId_883,1,5000.0,0.0,5000.0,5000.0,0.0
AccountId_884,1,1000.0,0.0,1000.0,1000.0,0.0
AccountId_885,6,10116.666666666666,285.773803324704,10000.0,10700.0,700.0
AccountId_886,4,6250.0,4627.814458971607,500.0,10000.0,9500.0
AccountId_887,4,2500.0,2345.207879911715,500.0,5000.0,4500.0
AccountId_888,1,1000.0,0.0,1000.0,1000.0,0.0
AccountId_889,3,8666.666666666666,2309.4010767585028,6000.0,10000.0,4000.0
AccountId_891,4,10000.0,4082.48290463863,5000.0,15000.0,10000.0
AccountId_892,5,7200.0,4086.56334834051,1000.0,10000.0,9000.0
AccountId_893,100,10171.0,8072.841300723473,800.0,31000.0,30200.0
AccountId_895,1,5000.0,0.0,5000.0,5000.0,0.0
AccountId_896,22,7545.454545454545,3647.925342898249,1000.0,15000.0,14000.0
AccountId_897,14,7142.857142857143,3634.3900738351144,1000.0,10000.0,9000.0
AccountId_898,7,12285.714285714286,4270.6082983686565,10000.0,21000.0,11000.0
AccountId_9,1,1000.0,0.0,1000.0,1000.0,0.0
AccountId_901,161,4218.012422360249,5305.561801057897,500.0,39000.0,38500.0
AccountId_903,14,7214.285714285715,3593.3393817016386,500.0,10000.0,9500.0
AccountId_904,3,8666.666666666666,2309.4010767585028,6000.0,10000.0,4000.0
AccountId_907,3,10333.333333333334,577.3502691896255,10000.0,11000.0,1000.0
AccountId_908,7,2458.5714285714284,1901.844968895805,500.0,5000.0,4500.0
AccountId_909,5,7200.0,4221.96636651691,500.0,10000.0,9500.0
AccountId_91,6,13583.333333333334,1772.4747294860558,10000.0,14500.0,4500.0
AccountId_910,10,1750.0,1736.055554666638,500.0,5000.0,4500.0
AccountId_911,6,8500.0,2345.207879911715,5000.0,10000.0,5000.0
AccountId_913,7,1442.857142857143,522.3572942509206,1000.0,2000.0,1000.0
AccountId_914,3,8333.333333333334,2886.7513459481293,5000.0,10000.0,5000.0
AccountId_916,65,4072.3076923076924,5107.118429588857,500.0,24000.0,23500.0
AccountId_917,12,816.25,268.47316608758297,500.0,1195.0,695.0
AccountId_918,1,1000.0,0.0,1000.0,1000.0,0.0
AccountId_919,1,1000000.0,0.0,1000000.0,1000000.0,0.0
AccountId_92,6,2450.0,1447.4114826130128,700.0,5000.0,4300.0
AccountId_920,1,5000.0,0.0,5000.0,5000.0,0.0
AccountId_921,22,2413.6363636363635,1778.7891693764354,500.0,5000.0,4500.0
AccountId_922,5,1120.0,178.88543819998316,1000.0,1400.0,400.0
AccountId_923,3,1500.0,866.0254037844386,500.0,2000.0,1500.0
AccountId_924,3,10000.0,0.0,10000.0,10000.0,0.0
AccountId_925,1,5000.0,0.0,5000.0,5000.0,0.0
AccountId_926,143,5108.391608391608,12154.78516159114,500.0,50000.0,49500.0
AccountId_927,45,16988.88888888889,25986.11711718938,500.0,120000.0,119500.0
AccountId_928,36,4666.666666666667,8783.913868950609,500.0,35000.0,34500.0
AccountId_930,4,10000.0,0.0,10000.0,10000.0,0.0
AccountId_931,28,3910.714285714286,3251.932677280718,1000.0,15000.0,14000.0
AccountId_932,18,12550.0,4973.370262176936,5200.0,20700.0,15500.0
AccountId_933,1,10000.0,0.0,10000.0,10000.0,0.0
AccountId_934,17,1058.8235294117646,166.05279103876788,1000.0,1500.0,500.0
AccountId_936,3,1000.0,0.0,1000.0,1000.0,0.0
AccountId_937,20,3803.0,3354.0503401425754,500.0,11000.0,10500.0
AccountId_938,4,10000.0,0.0,10000.0,10000.0,0.0
AccountId_939,11,1500.0,591.6079783099617,500.0,2000.0,1500.0
AccountId_94,10,2950.0,2929.258533410043,1000.0,10000.0,9000.0
AccountId_945,8,8237.5,6609.071147186375,1000.0,20000.0,19000.0
AccountId_946,10,9800.0,4655.940053069603,3500.0,17000.0,13500.0
AccountId_947,1,500.0,0.0,500.0,500.0,0.0
AccountId_948,1,5000.0,0.0,5000.0,5000.0,0.0
AccountId_949,16,26187.5,47520.12731464426,1000.0,160000.0,159000.0
AccountId_95,27,18363.48148148148,18117.483469269657,1064.0,50000.0,48936.0
AccountId_950,18,12722.222222222223,18145.832629837227,1000.0,50000.0,49000.0
AccountId_951,4,6500.0,4358.898943540674,1000.0,10000.0,9000.0
AccountId_952,13,8538.461538461539,2295.4805094425806,5000.0,10000.0,5000.0
AccountId_953,14,552964.2857142857,1386839.5096583636,500.0,5000000.0,4999500.0
AccountId_954,15,8400.0,2354.32732279459,5000.0,10000.0,5000.0
AccountId_955,3,50000.0,0.0,50000.0,50000.0,0.0
AccountId_957,37,1724.3243243243244,2284.7812204290426,500.0,10000.0,9500.0
AccountId_958,13,19615.384615384617,35991.98628754846,1000.0,100000.0,99000.0
AccountId_959,14,10682.714285714286,26790.316822511624,500.0,100000.0,99500.0
AccountId_96,1,1000.0,0.0,1000.0,1000.0,0.0
AccountId_961,1,10000.0,0.0,10000.0,10000.0,0.0
AccountId_962,21,2027.857142857143,1193.4389086046376,500.0,5000.0,4500.0
AccountId_963,1,1000.0,0.0,1000.0,1000.0,0.0
AccountId_964,3,10000.0,0.0,10000.0,10000.0,0.0
AccountId_967,2,15000.0,7071.067811865475,10000.0,20000.0,10000.0
AccountId_968,7,8000.0,2828.42712474619,5000.0,11000.0,6000.0
AccountId_969,4,1506.5,616.1458160749505,726.0,2000.0,1274.0
AccountId_971,2,5000.0,0.0,5000.0,5000.0,0.0
AccountId_972,2,30000.0,28284.2712474619,10000.0,50000.0,40000.0
AccountId_973,4,1000.0,0.0,1000.0,1000.0,0.0
AccountId_974,11,6909.090909090909,3826.3440894552455,500.0,10000.0,9500.0
AccountId_975,29,24448.275862068964,40963.03752591784,1000.0,160000.0,159000.0
AccountId_976,4,10375.0,11250.0,1000.0,26000.0,25000.0
AccountId_977,3,4333.333333333333,1154.7005383792514,3000.0,5000.0,2000.0
AccountId_979,1,1000.0,0.0,1000.0,1000.0,0.0
AccountId_980,5,7600.0,7765.307463326871,1000.0,20000.0,19000.0
AccountId_981,4,12750.0,4856.267428111155,10000.0,20000.0,10000.0
AccountId_982,9,8555.555555555555,2185.8128414340003,5000.0,10000.0,5000.0
AccountId_983,2,1500.0,707.1067811865476,1000.0,2000.0,1000.0
AccountId_986,63,3980.0793650793653,4607.428981132562,500.0,20000.0,19500.0
AccountId_989,2,11000.0,12727.922061357855,2000.0,20000.0,18000.0
AccountId_99,13,1551.7692307692307,1107.2559290009208,200.0,3000.0,2800.0
AccountId_990,3,8333.333333333334,2886.7513459481293,5000.0,10000.0,5000.0
AccountId_992,7,3142.8571428571427,1772.8105208558368,1000.0,5000.0,4000.0
AccountId_994,1,1000.0,0.0,1000.0,1000.0,0.0
AccountId_998,7,1142.857142857143,377.9644730092272,1000.0,2000.0,1000.0
