{
  "roc_auc":0.9838988218,
  "pr_auc":0.9258134189,
  "opt_threshold":0.9996217297,
  "f1_default":0.7906976744,
  "f1_opt":0.904109589,
  "precision_opt":0.9705882353,
  "recall_opt":0.8461538462,
  "n_train":76529.0,
  "n_val":19133.0,
  "n_features":17.0
}